[debug] [2026-03-30T16:50:15.510Z] ----------------------------------------------------------------------
[debug] [2026-03-30T16:50:15.513Z] Command:       C:\nvm4w\nodejs\node.exe C:\nvm4w\nodejs\node_modules\firebase-tools\lib\bin\firebase.js deploy --only functions --project kl-tint-studio
[debug] [2026-03-30T16:50:15.513Z] CLI Version:   15.12.0
[debug] [2026-03-30T16:50:15.513Z] Platform:      win32
[debug] [2026-03-30T16:50:15.513Z] Node Version:  v22.19.0
[debug] [2026-03-30T16:50:15.514Z] Time:          Mon Mar 30 2026 22:50:15 GMT+0600 (Bangladesh Standard Time)
[debug] [2026-03-30T16:50:15.514Z] ----------------------------------------------------------------------
[debug] 
[debug] [2026-03-30T16:50:16.685Z] > command requires scopes: ["email","openid","https://www.googleapis.com/auth/cloudplatformprojects.readonly","https://www.googleapis.com/auth/firebase","https://www.googleapis.com/auth/cloud-platform"]
[debug] [2026-03-30T16:50:16.685Z] > authorizing via signed-in user (webkltintstudio@gmail.com)
[debug] [2026-03-30T16:50:16.686Z] [iam] checking project kl-tint-studio for permissions ["cloudfunctions.functions.create","cloudfunctions.functions.delete","cloudfunctions.functions.get","cloudfunctions.functions.list","cloudfunctions.functions.update","cloudfunctions.operations.get","firebase.projects.get"]
[debug] [2026-03-30T16:50:16.686Z] Checked if tokens are valid: true, expires at: 1774892950620
[debug] [2026-03-30T16:50:16.687Z] Checked if tokens are valid: true, expires at: 1774892950620
[debug] [2026-03-30T16:50:16.687Z] >>> [apiv2][query] POST https://cloudresourcemanager.googleapis.com/v1/projects/kl-tint-studio:testIamPermissions [none]
[debug] [2026-03-30T16:50:16.687Z] >>> [apiv2][(partial)header] POST https://cloudresourcemanager.googleapis.com/v1/projects/kl-tint-studio:testIamPermissions  x-goog-user-project=kl-tint-studio
[debug] [2026-03-30T16:50:16.688Z] >>> [apiv2][body] POST https://cloudresourcemanager.googleapis.com/v1/projects/kl-tint-studio:testIamPermissions {"permissions":["cloudfunctions.functions.create","cloudfunctions.functions.delete","cloudfunctions.functions.get","cloudfunctions.functions.list","cloudfunctions.functions.update","cloudfunctions.operations.get","firebase.projects.get"]}
[debug] [2026-03-30T16:50:18.086Z] <<< [apiv2][status] POST https://cloudresourcemanager.googleapis.com/v1/projects/kl-tint-studio:testIamPermissions 200
[debug] [2026-03-30T16:50:18.086Z] <<< [apiv2][body] POST https://cloudresourcemanager.googleapis.com/v1/projects/kl-tint-studio:testIamPermissions {"permissions":["cloudfunctions.functions.create","cloudfunctions.functions.delete","cloudfunctions.functions.get","cloudfunctions.functions.list","cloudfunctions.functions.update","cloudfunctions.operations.get","firebase.projects.get"]}
[debug] [2026-03-30T16:50:18.086Z] Checked if tokens are valid: true, expires at: 1774892950620
[debug] [2026-03-30T16:50:18.086Z] Checked if tokens are valid: true, expires at: 1774892950620
[debug] [2026-03-30T16:50:18.086Z] >>> [apiv2][query] POST https://iam.googleapis.com/v1/projects/kl-tint-studio/serviceAccounts/kl-tint-studio@appspot.gserviceaccount.com:testIamPermissions [none]
[debug] [2026-03-30T16:50:18.086Z] >>> [apiv2][body] POST https://iam.googleapis.com/v1/projects/kl-tint-studio/serviceAccounts/kl-tint-studio@appspot.gserviceaccount.com:testIamPermissions {"permissions":["iam.serviceAccounts.actAs"]}
[debug] [2026-03-30T16:50:19.661Z] <<< [apiv2][status] POST https://iam.googleapis.com/v1/projects/kl-tint-studio/serviceAccounts/kl-tint-studio@appspot.gserviceaccount.com:testIamPermissions 404
[debug] [2026-03-30T16:50:19.661Z] <<< [apiv2][body] POST https://iam.googleapis.com/v1/projects/kl-tint-studio/serviceAccounts/kl-tint-studio@appspot.gserviceaccount.com:testIamPermissions {"error":{"code":404,"message":"Unknown service account","status":"NOT_FOUND"}}
[debug] [2026-03-30T16:50:19.661Z] [functions] service account IAM check errored, deploy may fail: Request to https://iam.googleapis.com/v1/projects/kl-tint-studio/serviceAccounts/kl-tint-studio@appspot.gserviceaccount.com:testIamPermissions had HTTP Error: 404, Unknown service account {"name":"FirebaseError","children":[],"context":{"body":{"error":{"code":404,"message":"Unknown service account","status":"NOT_FOUND"}},"response":{"statusCode":404}},"exit":1,"message":"Request to https://iam.googleapis.com/v1/projects/kl-tint-studio/serviceAccounts/kl-tint-studio@appspot.gserviceaccount.com:testIamPermissions had HTTP Error: 404, Unknown service account","status":404}
[info] 
[info] === Deploying to 'kl-tint-studio'...
[info] 
[info] i  deploying functions 
[debug] [2026-03-30T16:50:19.664Z] Checked if tokens are valid: true, expires at: 1774892950620
[debug] [2026-03-30T16:50:19.664Z] Checked if tokens are valid: true, expires at: 1774892950620
[debug] [2026-03-30T16:50:19.665Z] >>> [apiv2][query] GET https://cloudresourcemanager.googleapis.com/v1/projects/kl-tint-studio [none]
[debug] [2026-03-30T16:50:19.983Z] <<< [apiv2][status] GET https://cloudresourcemanager.googleapis.com/v1/projects/kl-tint-studio 200
[debug] [2026-03-30T16:50:19.983Z] <<< [apiv2][body] GET https://cloudresourcemanager.googleapis.com/v1/projects/kl-tint-studio {"projectNumber":"96399036470","projectId":"kl-tint-studio","lifecycleState":"ACTIVE","name":"KL Tint Studio","labels":{"firebase":"enabled","firebase-core":"disabled"},"createTime":"2026-03-29T08:47:03.326Z"}
[info] i  functions: preparing codebase default for deployment 
[info] i  functions: ensuring required API cloudfunctions.googleapis.com is enabled... 
[info] i  functions: ensuring required API cloudbuild.googleapis.com is enabled... 
[info] i  artifactregistry: ensuring required API artifactregistry.googleapis.com is enabled... 
[debug] [2026-03-30T16:50:19.985Z] Checked if tokens are valid: true, expires at: 1774892950620
[debug] [2026-03-30T16:50:19.985Z] Checked if tokens are valid: true, expires at: 1774892950620
[debug] [2026-03-30T16:50:19.985Z] >>> [apiv2][query] GET https://firebase.googleapis.com/v1beta1/projects/kl-tint-studio/adminSdkConfig [none]
[debug] [2026-03-30T16:50:20.439Z] <<< [apiv2][status] GET https://firebase.googleapis.com/v1beta1/projects/kl-tint-studio/adminSdkConfig 200
[debug] [2026-03-30T16:50:20.439Z] <<< [apiv2][body] GET https://firebase.googleapis.com/v1beta1/projects/kl-tint-studio/adminSdkConfig {"projectId":"kl-tint-studio","storageBucket":"kl-tint-studio.firebasestorage.app"}
[debug] [2026-03-30T16:50:20.440Z] Checked if tokens are valid: true, expires at: 1774892950620
[debug] [2026-03-30T16:50:20.440Z] Checked if tokens are valid: true, expires at: 1774892950620
[debug] [2026-03-30T16:50:20.440Z] >>> [apiv2][query] GET https://runtimeconfig.googleapis.com/v1beta1/projects/kl-tint-studio/configs [none]
[debug] [2026-03-30T16:50:20.906Z] <<< [apiv2][status] GET https://runtimeconfig.googleapis.com/v1beta1/projects/kl-tint-studio/configs 200
[debug] [2026-03-30T16:50:20.906Z] <<< [apiv2][body] GET https://runtimeconfig.googleapis.com/v1beta1/projects/kl-tint-studio/configs {"configs":[{"name":"projects/kl-tint-studio/configs/reminder"},{"name":"projects/kl-tint-studio/configs/cron"}]}
[debug] [2026-03-30T16:50:20.906Z] Checked if tokens are valid: true, expires at: 1774892950620
[debug] [2026-03-30T16:50:20.906Z] Checked if tokens are valid: true, expires at: 1774892950620
[debug] [2026-03-30T16:50:20.907Z] Checked if tokens are valid: true, expires at: 1774892950620
[debug] [2026-03-30T16:50:20.907Z] Checked if tokens are valid: true, expires at: 1774892950620
[debug] [2026-03-30T16:50:20.907Z] >>> [apiv2][query] GET https://runtimeconfig.googleapis.com/v1beta1/projects/kl-tint-studio/configs/reminder/variables [none]
[debug] [2026-03-30T16:50:20.907Z] >>> [apiv2][query] GET https://runtimeconfig.googleapis.com/v1beta1/projects/kl-tint-studio/configs/cron/variables [none]
[debug] [2026-03-30T16:50:21.364Z] <<< [apiv2][status] GET https://runtimeconfig.googleapis.com/v1beta1/projects/kl-tint-studio/configs/cron/variables 200
[debug] [2026-03-30T16:50:21.364Z] <<< [apiv2][body] GET https://runtimeconfig.googleapis.com/v1beta1/projects/kl-tint-studio/configs/cron/variables {"variables":[{"name":"projects/kl-tint-studio/configs/cron/variables/secret","updateTime":"2026-03-30T16:49:19.944790780Z"}]}
[debug] [2026-03-30T16:50:21.364Z] Checked if tokens are valid: true, expires at: 1774892950620
[debug] [2026-03-30T16:50:21.364Z] Checked if tokens are valid: true, expires at: 1774892950620
[debug] [2026-03-30T16:50:21.364Z] >>> [apiv2][query] GET https://runtimeconfig.googleapis.com/v1beta1/projects/kl-tint-studio/configs/cron/variables/secret [none]
[debug] [2026-03-30T16:50:22.103Z] <<< [apiv2][status] GET https://runtimeconfig.googleapis.com/v1beta1/projects/kl-tint-studio/configs/reminder/variables 200
[debug] [2026-03-30T16:50:22.103Z] <<< [apiv2][body] GET https://runtimeconfig.googleapis.com/v1beta1/projects/kl-tint-studio/configs/reminder/variables {"variables":[{"name":"projects/kl-tint-studio/configs/reminder/variables/baseurl","updateTime":"2026-03-30T16:49:21.747565814Z"}]}
[debug] [2026-03-30T16:50:22.103Z] Checked if tokens are valid: true, expires at: 1774892950620
[debug] [2026-03-30T16:50:22.103Z] Checked if tokens are valid: true, expires at: 1774892950620
[debug] [2026-03-30T16:50:22.103Z] >>> [apiv2][query] GET https://runtimeconfig.googleapis.com/v1beta1/projects/kl-tint-studio/configs/reminder/variables/baseurl [none]
[debug] [2026-03-30T16:50:22.551Z] <<< [apiv2][status] GET https://runtimeconfig.googleapis.com/v1beta1/projects/kl-tint-studio/configs/cron/variables/secret 200
[debug] [2026-03-30T16:50:22.551Z] <<< [apiv2][body] GET https://runtimeconfig.googleapis.com/v1beta1/projects/kl-tint-studio/configs/cron/variables/secret {"name":"projects/kl-tint-studio/configs/cron/variables/secret","updateTime":"2026-03-30T16:49:19.944790780Z","text":"0Shf+I3uS9iEl2VqkAobRd/Pi4l5V5dx+U2IFpG/zLc="}
[debug] [2026-03-30T16:50:23.340Z] <<< [apiv2][status] GET https://runtimeconfig.googleapis.com/v1beta1/projects/kl-tint-studio/configs/reminder/variables/baseurl 200
[debug] [2026-03-30T16:50:23.340Z] <<< [apiv2][body] GET https://runtimeconfig.googleapis.com/v1beta1/projects/kl-tint-studio/configs/reminder/variables/baseurl {"name":"projects/kl-tint-studio/configs/reminder/variables/baseurl","updateTime":"2026-03-30T16:49:21.747565814Z","text":"https://kltint.vercel.app"}
[debug] [2026-03-30T16:50:23.341Z] Validating nodejs source
[warn] !  functions: Runtime Node.js 20 will be deprecated on 2026-04-30 and will be decommissioned on 2026-10-30, after which you will not be able to deploy without upgrading. Consider upgrading now to avoid disruption. See https://cloud.google.com/functions/docs/runtime-support for full details on the lifecycle policy 
[warn] !  functions: package.json indicates an outdated version of firebase-functions. Please upgrade using npm install --save firebase-functions@latest in your functions directory. 
[warn] !  functions: Please note that there will be breaking changes when you upgrade. 
[debug] [2026-03-30T16:50:23.958Z] > [functions] package.json contents: {
  "name": "kltint-firebase-functions",
  "private": true,
  "main": "index.js",
  "engines": {
    "node": "20"
  },
  "dependencies": {
    "firebase-admin": "^13.7.0",
    "firebase-functions": "^6.4.0"
  }
}
[debug] [2026-03-30T16:50:23.958Z] Building nodejs source
[info] i  functions: Loading and analyzing source code for codebase default to determine what to deploy 
[debug] [2026-03-30T16:50:23.959Z] Could not find functions.yaml. Must use http discovery
[debug] [2026-03-30T16:50:23.967Z] Found firebase-functions binary at 'C:\Users\Bismillah\Documents\GitHub\kltint\functions\node_modules\.bin\firebase-functions'
[info] Serving at port 8930

[debug] [2026-03-30T16:50:24.806Z] Got response from /__/functions.yaml {"endpoints":{"sendAppointmentReminders":{"availableMemoryMb":256,"timeoutSeconds":null,"minInstances":null,"maxInstances":null,"ingressSettings":null,"concurrency":null,"serviceAccountEmail":null,"vpc":null,"platform":"gcfv2","region":["asia-southeast1"],"labels":{},"scheduleTrigger":{"schedule":"every 10 minutes","retryConfig":{},"timeZone":"Asia/Kuala_Lumpur"},"entryPoint":"sendAppointmentReminders"}},"specVersion":"v1alpha1","requiredAPIs":[{"api":"cloudscheduler.googleapis.com","reason":"Needed for scheduled functions."}],"extensions":{}}
[info] i  extensions: ensuring required API firebaseextensions.googleapis.com is enabled... 
[debug] [2026-03-30T16:50:28.833Z] > command requires scopes: ["email","openid","https://www.googleapis.com/auth/cloudplatformprojects.readonly","https://www.googleapis.com/auth/firebase","https://www.googleapis.com/auth/cloud-platform"]
[debug] [2026-03-30T16:50:28.833Z] > authorizing via signed-in user (webkltintstudio@gmail.com)
[debug] [2026-03-30T16:50:28.833Z] [iam] checking project kl-tint-studio for permissions ["firebase.projects.get","firebaseextensions.instances.list"]
[debug] [2026-03-30T16:50:28.833Z] Checked if tokens are valid: true, expires at: 1774892950620
[debug] [2026-03-30T16:50:28.833Z] Checked if tokens are valid: true, expires at: 1774892950620
[debug] [2026-03-30T16:50:28.834Z] >>> [apiv2][query] POST https://cloudresourcemanager.googleapis.com/v1/projects/kl-tint-studio:testIamPermissions [none]
[debug] [2026-03-30T16:50:28.834Z] >>> [apiv2][(partial)header] POST https://cloudresourcemanager.googleapis.com/v1/projects/kl-tint-studio:testIamPermissions  x-goog-user-project=kl-tint-studio
[debug] [2026-03-30T16:50:28.834Z] >>> [apiv2][body] POST https://cloudresourcemanager.googleapis.com/v1/projects/kl-tint-studio:testIamPermissions {"permissions":["firebase.projects.get","firebaseextensions.instances.list"]}
[debug] [2026-03-30T16:50:30.136Z] <<< [apiv2][status] POST https://cloudresourcemanager.googleapis.com/v1/projects/kl-tint-studio:testIamPermissions 200
[debug] [2026-03-30T16:50:30.136Z] <<< [apiv2][body] POST https://cloudresourcemanager.googleapis.com/v1/projects/kl-tint-studio:testIamPermissions {"permissions":["firebase.projects.get","firebaseextensions.instances.list"]}
[debug] [2026-03-30T16:50:30.137Z] Checked if tokens are valid: true, expires at: 1774892950620
[debug] [2026-03-30T16:50:30.137Z] Checked if tokens are valid: true, expires at: 1774892950620
[debug] [2026-03-30T16:50:30.137Z] >>> [apiv2][query] GET https://firebaseextensions.googleapis.com/v1beta/projects/kl-tint-studio/instances pageSize=100&pageToken=
[debug] [2026-03-30T16:50:31.632Z] <<< [apiv2][status] GET https://firebaseextensions.googleapis.com/v1beta/projects/kl-tint-studio/instances 200
[debug] [2026-03-30T16:50:31.633Z] <<< [apiv2][body] GET https://firebaseextensions.googleapis.com/v1beta/projects/kl-tint-studio/instances {}
[info] i  functions: preparing functions directory for uploading... 
[info] i  functions: packaged C:\Users\Bismillah\Documents\GitHub\kltint\functions (35.48 KB) for uploading 
[debug] [2026-03-30T16:50:31.657Z] Checked if tokens are valid: true, expires at: 1774892950620
[debug] [2026-03-30T16:50:31.657Z] Checked if tokens are valid: true, expires at: 1774892950620
[debug] [2026-03-30T16:50:31.657Z] >>> [apiv2][query] GET https://cloudfunctions.googleapis.com/v1/projects/kl-tint-studio/locations/-/functions [none]
[debug] [2026-03-30T16:50:32.514Z] <<< [apiv2][status] GET https://cloudfunctions.googleapis.com/v1/projects/kl-tint-studio/locations/-/functions 200
[debug] [2026-03-30T16:50:32.514Z] <<< [apiv2][body] GET https://cloudfunctions.googleapis.com/v1/projects/kl-tint-studio/locations/-/functions {}
[debug] [2026-03-30T16:50:32.514Z] Checked if tokens are valid: true, expires at: 1774892950620
[debug] [2026-03-30T16:50:32.514Z] Checked if tokens are valid: true, expires at: 1774892950620
[debug] [2026-03-30T16:50:32.514Z] >>> [apiv2][query] GET https://cloudfunctions.googleapis.com/v2/projects/kl-tint-studio/locations/-/functions filter=environment%3D%22GEN_2%22
[debug] [2026-03-30T16:50:34.174Z] <<< [apiv2][status] GET https://cloudfunctions.googleapis.com/v2/projects/kl-tint-studio/locations/-/functions 200
[debug] [2026-03-30T16:50:34.174Z] <<< [apiv2][body] GET https://cloudfunctions.googleapis.com/v2/projects/kl-tint-studio/locations/-/functions {}
[info] i  functions: ensuring required API cloudscheduler.googleapis.com is enabled... 
[debug] [2026-03-30T16:50:34.176Z] Checked if tokens are valid: true, expires at: 1774892950620
[debug] [2026-03-30T16:50:34.176Z] Checked if tokens are valid: true, expires at: 1774892950620
[debug] [2026-03-30T16:50:34.176Z] >>> [apiv2][query] GET https://serviceusage.googleapis.com/v1/projects/96399036470/services/cloudscheduler.googleapis.com [none]
[debug] [2026-03-30T16:50:34.176Z] >>> [apiv2][(partial)header] GET https://serviceusage.googleapis.com/v1/projects/96399036470/services/cloudscheduler.googleapis.com  x-goog-user-project=96399036470
[debug] [2026-03-30T16:50:35.857Z] <<< [apiv2][status] GET https://serviceusage.googleapis.com/v1/projects/96399036470/services/cloudscheduler.googleapis.com 200
[debug] [2026-03-30T16:50:35.857Z] <<< [apiv2][body] GET https://serviceusage.googleapis.com/v1/projects/96399036470/services/cloudscheduler.googleapis.com [omitted]
[info] +  functions: required API cloudscheduler.googleapis.com is enabled 
[info] i  functions: ensuring required API run.googleapis.com is enabled... 
[debug] [2026-03-30T16:50:35.876Z] Checked if tokens are valid: true, expires at: 1774892950620
[debug] [2026-03-30T16:50:35.877Z] Checked if tokens are valid: true, expires at: 1774892950620
[info] i  functions: ensuring required API eventarc.googleapis.com is enabled... 
[debug] [2026-03-30T16:50:35.877Z] Checked if tokens are valid: true, expires at: 1774892950620
[debug] [2026-03-30T16:50:35.877Z] Checked if tokens are valid: true, expires at: 1774892950620
[info] i  functions: ensuring required API pubsub.googleapis.com is enabled... 
[debug] [2026-03-30T16:50:35.878Z] Checked if tokens are valid: true, expires at: 1774892950620
[debug] [2026-03-30T16:50:35.878Z] Checked if tokens are valid: true, expires at: 1774892950620
[info] i  functions: ensuring required API storage.googleapis.com is enabled... 
[debug] [2026-03-30T16:50:35.878Z] Checked if tokens are valid: true, expires at: 1774892950620
[debug] [2026-03-30T16:50:35.878Z] Checked if tokens are valid: true, expires at: 1774892950620
[debug] [2026-03-30T16:50:35.878Z] >>> [apiv2][query] GET https://serviceusage.googleapis.com/v1/projects/96399036470/services/run.googleapis.com [none]
[debug] [2026-03-30T16:50:35.878Z] >>> [apiv2][(partial)header] GET https://serviceusage.googleapis.com/v1/projects/96399036470/services/run.googleapis.com  x-goog-user-project=96399036470
[debug] [2026-03-30T16:50:35.879Z] >>> [apiv2][query] GET https://serviceusage.googleapis.com/v1/projects/96399036470/services/eventarc.googleapis.com [none]
[debug] [2026-03-30T16:50:35.879Z] >>> [apiv2][(partial)header] GET https://serviceusage.googleapis.com/v1/projects/96399036470/services/eventarc.googleapis.com  x-goog-user-project=96399036470
[debug] [2026-03-30T16:50:35.880Z] >>> [apiv2][query] GET https://serviceusage.googleapis.com/v1/projects/96399036470/services/pubsub.googleapis.com [none]
[debug] [2026-03-30T16:50:35.880Z] >>> [apiv2][(partial)header] GET https://serviceusage.googleapis.com/v1/projects/96399036470/services/pubsub.googleapis.com  x-goog-user-project=96399036470
[debug] [2026-03-30T16:50:35.881Z] >>> [apiv2][query] GET https://serviceusage.googleapis.com/v1/projects/96399036470/services/storage.googleapis.com [none]
[debug] [2026-03-30T16:50:35.881Z] >>> [apiv2][(partial)header] GET https://serviceusage.googleapis.com/v1/projects/96399036470/services/storage.googleapis.com  x-goog-user-project=96399036470
[debug] [2026-03-30T16:50:36.781Z] <<< [apiv2][status] GET https://serviceusage.googleapis.com/v1/projects/96399036470/services/run.googleapis.com 200
[debug] [2026-03-30T16:50:36.781Z] <<< [apiv2][body] GET https://serviceusage.googleapis.com/v1/projects/96399036470/services/run.googleapis.com [omitted]
[warn] !  functions: missing required API run.googleapis.com. Enabling now... 
[debug] [2026-03-30T16:50:36.782Z] Checked if tokens are valid: true, expires at: 1774892950620
[debug] [2026-03-30T16:50:36.782Z] Checked if tokens are valid: true, expires at: 1774892950620
[debug] [2026-03-30T16:50:36.782Z] >>> [apiv2][query] POST https://serviceusage.googleapis.com/v1/projects/96399036470/services/run.googleapis.com:enable [none]
[debug] [2026-03-30T16:50:36.782Z] >>> [apiv2][(partial)header] POST https://serviceusage.googleapis.com/v1/projects/96399036470/services/run.googleapis.com:enable  x-goog-user-project=96399036470
[debug] [2026-03-30T16:50:37.623Z] <<< [apiv2][status] GET https://serviceusage.googleapis.com/v1/projects/96399036470/services/eventarc.googleapis.com 200
[debug] [2026-03-30T16:50:37.624Z] <<< [apiv2][body] GET https://serviceusage.googleapis.com/v1/projects/96399036470/services/eventarc.googleapis.com [omitted]
[warn] !  functions: missing required API eventarc.googleapis.com. Enabling now... 
[debug] [2026-03-30T16:50:37.624Z] Checked if tokens are valid: true, expires at: 1774892950620
[debug] [2026-03-30T16:50:37.624Z] Checked if tokens are valid: true, expires at: 1774892950620
[debug] [2026-03-30T16:50:37.624Z] >>> [apiv2][query] POST https://serviceusage.googleapis.com/v1/projects/96399036470/services/eventarc.googleapis.com:enable [none]
[debug] [2026-03-30T16:50:37.624Z] >>> [apiv2][(partial)header] POST https://serviceusage.googleapis.com/v1/projects/96399036470/services/eventarc.googleapis.com:enable  x-goog-user-project=96399036470
[debug] [2026-03-30T16:50:37.626Z] <<< [apiv2][status] GET https://serviceusage.googleapis.com/v1/projects/96399036470/services/pubsub.googleapis.com 200
[debug] [2026-03-30T16:50:37.626Z] <<< [apiv2][body] GET https://serviceusage.googleapis.com/v1/projects/96399036470/services/pubsub.googleapis.com [omitted]
[info] +  functions: required API pubsub.googleapis.com is enabled 
[debug] [2026-03-30T16:50:37.644Z] <<< [apiv2][status] GET https://serviceusage.googleapis.com/v1/projects/96399036470/services/storage.googleapis.com 200
[debug] [2026-03-30T16:50:37.644Z] <<< [apiv2][body] GET https://serviceusage.googleapis.com/v1/projects/96399036470/services/storage.googleapis.com [omitted]
[info] +  functions: required API storage.googleapis.com is enabled 
[debug] [2026-03-30T16:50:38.495Z] <<< [apiv2][status] POST https://serviceusage.googleapis.com/v1/projects/96399036470/services/eventarc.googleapis.com:enable 200
[debug] [2026-03-30T16:50:38.495Z] <<< [apiv2][body] POST https://serviceusage.googleapis.com/v1/projects/96399036470/services/eventarc.googleapis.com:enable [omitted]
[debug] [2026-03-30T16:50:38.777Z] <<< [apiv2][status] POST https://serviceusage.googleapis.com/v1/projects/96399036470/services/run.googleapis.com:enable 200
[debug] [2026-03-30T16:50:38.777Z] <<< [apiv2][body] POST https://serviceusage.googleapis.com/v1/projects/96399036470/services/run.googleapis.com:enable [omitted]
[info] i  functions: generating the service identity for pubsub.googleapis.com... 
[debug] [2026-03-30T16:50:48.783Z] Checked if tokens are valid: true, expires at: 1774892950620
[debug] [2026-03-30T16:50:48.783Z] Checked if tokens are valid: true, expires at: 1774892950620
[info] i  functions: generating the service identity for eventarc.googleapis.com... 
[debug] [2026-03-30T16:50:48.783Z] Checked if tokens are valid: true, expires at: 1774892950620
[debug] [2026-03-30T16:50:48.783Z] Checked if tokens are valid: true, expires at: 1774892950620
[debug] [2026-03-30T16:50:48.783Z] >>> [apiv2][query] POST https://serviceusage.googleapis.com/v1beta1/projects/96399036470/services/pubsub.googleapis.com:generateServiceIdentity [none]
[debug] [2026-03-30T16:50:48.783Z] >>> [apiv2][(partial)header] POST https://serviceusage.googleapis.com/v1beta1/projects/96399036470/services/pubsub.googleapis.com:generateServiceIdentity  x-goog-user-project=96399036470
[debug] [2026-03-30T16:50:48.783Z] >>> [apiv2][body] POST https://serviceusage.googleapis.com/v1beta1/projects/96399036470/services/pubsub.googleapis.com:generateServiceIdentity {}
[debug] [2026-03-30T16:50:48.785Z] >>> [apiv2][query] POST https://serviceusage.googleapis.com/v1beta1/projects/96399036470/services/eventarc.googleapis.com:generateServiceIdentity [none]
[debug] [2026-03-30T16:50:48.785Z] >>> [apiv2][(partial)header] POST https://serviceusage.googleapis.com/v1beta1/projects/96399036470/services/eventarc.googleapis.com:generateServiceIdentity  x-goog-user-project=96399036470
[debug] [2026-03-30T16:50:48.785Z] >>> [apiv2][body] POST https://serviceusage.googleapis.com/v1beta1/projects/96399036470/services/eventarc.googleapis.com:generateServiceIdentity {}
[debug] [2026-03-30T16:50:51.111Z] <<< [apiv2][status] POST https://serviceusage.googleapis.com/v1beta1/projects/96399036470/services/pubsub.googleapis.com:generateServiceIdentity 200
[debug] [2026-03-30T16:50:51.111Z] <<< [apiv2][body] POST https://serviceusage.googleapis.com/v1beta1/projects/96399036470/services/pubsub.googleapis.com:generateServiceIdentity {"name":"operations/finished.DONE_OPERATION","done":true,"response":{"@type":"type.googleapis.com/google.api.serviceusage.v1beta1.ServiceIdentity","email":"service-96399036470@gcp-sa-pubsub.iam.gserviceaccount.com","uniqueId":"100848747434519978109"}}
[debug] [2026-03-30T16:50:51.212Z] <<< [apiv2][status] POST https://serviceusage.googleapis.com/v1beta1/projects/96399036470/services/eventarc.googleapis.com:generateServiceIdentity 200
[debug] [2026-03-30T16:50:51.212Z] <<< [apiv2][body] POST https://serviceusage.googleapis.com/v1beta1/projects/96399036470/services/eventarc.googleapis.com:generateServiceIdentity {"name":"operations/finished.DONE_OPERATION","done":true,"response":{"@type":"type.googleapis.com/google.api.serviceusage.v1beta1.ServiceIdentity","email":"service-96399036470@gcp-sa-eventarc.iam.gserviceaccount.com","uniqueId":"103421709626599028394"}}
[debug] [2026-03-30T16:50:51.214Z] Checked if tokens are valid: true, expires at: 1774892950620
[debug] [2026-03-30T16:50:51.214Z] Checked if tokens are valid: true, expires at: 1774892950620
[debug] [2026-03-30T16:50:51.214Z] >>> [apiv2][query] GET https://cloudresourcemanager.googleapis.com/v1/projects/kl-tint-studio [none]
[debug] [2026-03-30T16:50:52.574Z] <<< [apiv2][status] GET https://cloudresourcemanager.googleapis.com/v1/projects/kl-tint-studio 200
[debug] [2026-03-30T16:50:52.574Z] <<< [apiv2][body] GET https://cloudresourcemanager.googleapis.com/v1/projects/kl-tint-studio {"projectNumber":"96399036470","projectId":"kl-tint-studio","lifecycleState":"ACTIVE","name":"KL Tint Studio","labels":{"firebase":"enabled","firebase-core":"disabled"},"createTime":"2026-03-29T08:47:03.326Z"}
[debug] [2026-03-30T16:50:52.574Z] Checked if tokens are valid: true, expires at: 1774892950620
[debug] [2026-03-30T16:50:52.575Z] Checked if tokens are valid: true, expires at: 1774892950620
[debug] [2026-03-30T16:50:52.575Z] >>> [apiv2][query] GET https://compute.googleapis.com/compute/v1/projects/96399036470 [none]
[debug] [2026-03-30T16:50:53.042Z] <<< [apiv2][status] GET https://compute.googleapis.com/compute/v1/projects/96399036470 403
[debug] [2026-03-30T16:50:53.042Z] <<< [apiv2][body] GET https://compute.googleapis.com/compute/v1/projects/96399036470 {"error":{"code":403,"message":"Compute Engine API has not been used in project 96399036470 before or it is disabled. Enable it by visiting https://console.developers.google.com/apis/api/compute.googleapis.com/overview?project=96399036470 then retry. If you enabled this API recently, wait a few minutes for the action to propagate to our systems and retry.","errors":[{"message":"Compute Engine API has not been used in project 96399036470 before or it is disabled. Enable it by visiting https://console.developers.google.com/apis/api/compute.googleapis.com/overview?project=96399036470 then retry. If you enabled this API recently, wait a few minutes for the action to propagate to our systems and retry.","domain":"usageLimits","reason":"accessNotConfigured","extendedHelp":"https://console.developers.google.com"}],"status":"PERMISSION_DENIED","details":[{"@type":"type.googleapis.com/google.rpc.ErrorInfo","reason":"SERVICE_DISABLED","domain":"googleapis.com","metadata":{"activationUrl":"https://console.developers.google.com/apis/api/compute.googleapis.com/overview?project=96399036470","consumer":"projects/96399036470","serviceTitle":"Compute Engine API","containerInfo":"96399036470","service":"compute.googleapis.com"}},{"@type":"type.googleapis.com/google.rpc.LocalizedMessage","locale":"en-US","message":"Compute Engine API has not been used in project 96399036470 before or it is disabled. Enable it by visiting https://console.developers.google.com/apis/api/compute.googleapis.com/overview?project=96399036470 then retry. If you enabled this API recently, wait a few minutes for the action to propagate to our systems and retry."},{"@type":"type.googleapis.com/google.rpc.Help","links":[{"description":"Google developers console API activation","url":"https://console.developers.google.com/apis/api/compute.googleapis.com/overview?project=96399036470"}]}]}}
[debug] [2026-03-30T16:50:53.042Z] unable to look up default compute service account. Falling back to 96399036470-compute@developer.gserviceaccount.com. Error: {"name":"FirebaseError","children":[],"context":{"body":{"error":{"code":403,"message":"Compute Engine API has not been used in project 96399036470 before or it is disabled. Enable it by visiting https://console.developers.google.com/apis/api/compute.googleapis.com/overview?project=96399036470 then retry. If you enabled this API recently, wait a few minutes for the action to propagate to our systems and retry.","errors":[{"message":"Compute Engine API has not been used in project 96399036470 before or it is disabled. Enable it by visiting https://console.developers.google.com/apis/api/compute.googleapis.com/overview?project=96399036470 then retry. If you enabled this API recently, wait a few minutes for the action to propagate to our systems and retry.","domain":"usageLimits","reason":"accessNotConfigured","extendedHelp":"https://console.developers.google.com"}],"status":"PERMISSION_DENIED","details":[{"@type":"type.googleapis.com/google.rpc.ErrorInfo","reason":"SERVICE_DISABLED","domain":"googleapis.com","metadata":{"activationUrl":"https://console.developers.google.com/apis/api/compute.googleapis.com/overview?project=96399036470","consumer":"projects/96399036470","serviceTitle":"Compute Engine API","containerInfo":"96399036470","service":"compute.googleapis.com"}},{"@type":"type.googleapis.com/google.rpc.LocalizedMessage","locale":"en-US","message":"Compute Engine API has not been used in project 96399036470 before or it is disabled. Enable it by visiting https://console.developers.google.com/apis/api/compute.googleapis.com/overview?project=96399036470 then retry. If you enabled this API recently, wait a few minutes for the action to propagate to our systems and retry."},{"@type":"type.googleapis.com/google.rpc.Help","links":[{"description":"Google developers console API activation","url":"https://console.developers.google.com/apis/api/compute.googleapis.com/overview?project=96399036470"}]}]}},"response":{"statusCode":403}},"exit":1,"message":"Request to https://compute.googleapis.com/compute/v1/projects/96399036470 had HTTP Error: 403, Compute Engine API has not been used in project 96399036470 before or it is disabled. Enable it by visiting https://console.developers.google.com/apis/api/compute.googleapis.com/overview?project=96399036470 then retry. If you enabled this API recently, wait a few minutes for the action to propagate to our systems and retry.","status":403}
[debug] [2026-03-30T16:50:53.043Z] Checked if tokens are valid: true, expires at: 1774892950620
[debug] [2026-03-30T16:50:53.043Z] Checked if tokens are valid: true, expires at: 1774892950620
[debug] [2026-03-30T16:50:53.043Z] >>> [apiv2][query] GET https://cloudbilling.googleapis.com/v1/projects/kl-tint-studio/billingInfo [none]
[debug] [2026-03-30T16:50:54.485Z] <<< [apiv2][status] GET https://cloudbilling.googleapis.com/v1/projects/kl-tint-studio/billingInfo 200
[debug] [2026-03-30T16:50:54.485Z] <<< [apiv2][body] GET https://cloudbilling.googleapis.com/v1/projects/kl-tint-studio/billingInfo {"name":"projects/kl-tint-studio/billingInfo","projectId":"kl-tint-studio","billingAccountName":"billingAccounts/013DAA-2BC1AD-831EE0","billingEnabled":true}
[debug] [2026-03-30T16:50:54.486Z] Checked if tokens are valid: true, expires at: 1774892950620
[debug] [2026-03-30T16:50:54.486Z] Checked if tokens are valid: true, expires at: 1774892950620
[debug] [2026-03-30T16:50:54.486Z] >>> [apiv2][query] POST https://cloudfunctions.googleapis.com/v2/projects/kl-tint-studio/locations/asia-southeast1/functions:generateUploadUrl [none]
[debug] [2026-03-30T16:50:59.321Z] <<< [apiv2][status] POST https://cloudfunctions.googleapis.com/v2/projects/kl-tint-studio/locations/asia-southeast1/functions:generateUploadUrl 200
[debug] [2026-03-30T16:50:59.321Z] <<< [apiv2][body] POST https://cloudfunctions.googleapis.com/v2/projects/kl-tint-studio/locations/asia-southeast1/functions:generateUploadUrl {"uploadUrl":"https://storage.googleapis.com/gcf-v2-uploads-96399036470.asia-southeast1.cloudfunctions.appspot.com/b12cc4c3-a6a1-40ef-8d28-2b1775702264.zip?GoogleAccessId=service-96399036470@gcf-admin-robot.iam.gserviceaccount.com&Expires=1774891261&Signature=i3o3J9JQTrMH9no8jwxvp7wD4lD7Fbpm3Znl0U%2FwQ7H58CXSsuQ7Ph99Jh4tlOBbthDzIVvn2jRct09SqpyAtTsX5ce9tHHO%2B%2FiG4of8i3pEkVfhs0IvuNVadUn7nfr2twGBR2bycgQECx1%2FfgEvZFPOnkZKaz8zl0%2BbqEehmd4KgWeUdLFpJ5vGj0eYP7HtQ9n8ICITnl%2BooCRirsdujRq8uyfB5M7%2FVZSyl%2FcqHAS%2F7enxWkpB%2B4Dsic6vhOBd1%2FT%2BXYgwfMxVYtaGS0%2BRnC%2B%2F7lPmyv%2FtKAfE3SInbXzUVFkoM81CDUHpmnNSmvo8UBrBduaic%2BwSEu%2B6xPjQCQ%3D%3D","storageSource":{"bucket":"gcf-v2-uploads-96399036470.asia-southeast1.cloudfunctions.appspot.com","object":"b12cc4c3-a6a1-40ef-8d28-2b1775702264.zip"}}
[debug] [2026-03-30T16:50:59.321Z] >>> [apiv2][query] PUT https://storage.googleapis.com/gcf-v2-uploads-96399036470.asia-southeast1.cloudfunctions.appspot.com/b12cc4c3-a6a1-40ef-8d28-2b1775702264.zip GoogleAccessId=service-96399036470%40gcf-admin-robot.iam.gserviceaccount.com&Expires=1774891261&Signature=i3o3J9JQTrMH9no8jwxvp7wD4lD7Fbpm3Znl0U%2FwQ7H58CXSsuQ7Ph99Jh4tlOBbthDzIVvn2jRct09SqpyAtTsX5ce9tHHO%2B%2FiG4of8i3pEkVfhs0IvuNVadUn7nfr2twGBR2bycgQECx1%2FfgEvZFPOnkZKaz8zl0%2BbqEehmd4KgWeUdLFpJ5vGj0eYP7HtQ9n8ICITnl%2BooCRirsdujRq8uyfB5M7%2FVZSyl%2FcqHAS%2F7enxWkpB%2B4Dsic6vhOBd1%2FT%2BXYgwfMxVYtaGS0%2BRnC%2B%2F7lPmyv%2FtKAfE3SInbXzUVFkoM81CDUHpmnNSmvo8UBrBduaic%2BwSEu%2B6xPjQCQ%3D%3D
[debug] [2026-03-30T16:50:59.321Z] >>> [apiv2][body] PUT https://storage.googleapis.com/gcf-v2-uploads-96399036470.asia-southeast1.cloudfunctions.appspot.com/b12cc4c3-a6a1-40ef-8d28-2b1775702264.zip [stream]
[debug] [2026-03-30T16:51:00.411Z] <<< [apiv2][status] PUT https://storage.googleapis.com/gcf-v2-uploads-96399036470.asia-southeast1.cloudfunctions.appspot.com/b12cc4c3-a6a1-40ef-8d28-2b1775702264.zip 200
[debug] [2026-03-30T16:51:00.411Z] <<< [apiv2][body] PUT https://storage.googleapis.com/gcf-v2-uploads-96399036470.asia-southeast1.cloudfunctions.appspot.com/b12cc4c3-a6a1-40ef-8d28-2b1775702264.zip [omitted]
[info] +  functions: functions source uploaded successfully 
[info] i  functions: creating Node.js 20 (2nd Gen) function sendAppointmentReminders(asia-southeast1)... 
[debug] [2026-03-30T16:51:00.415Z] Checked if tokens are valid: true, expires at: 1774892950620
[debug] [2026-03-30T16:51:00.415Z] Checked if tokens are valid: true, expires at: 1774892950620
[debug] [2026-03-30T16:51:00.415Z] >>> [apiv2][query] POST https://cloudfunctions.googleapis.com/v2/projects/kl-tint-studio/locations/asia-southeast1/functions functionId=sendAppointmentReminders
[debug] [2026-03-30T16:51:00.415Z] >>> [apiv2][body] POST https://cloudfunctions.googleapis.com/v2/projects/kl-tint-studio/locations/asia-southeast1/functions {"name":"projects/kl-tint-studio/locations/asia-southeast1/functions/sendAppointmentReminders","buildConfig":{"runtime":"nodejs20","entryPoint":"sendAppointmentReminders","source":{"storageSource":{"bucket":"gcf-v2-uploads-96399036470.asia-southeast1.cloudfunctions.appspot.com","object":"b12cc4c3-a6a1-40ef-8d28-2b1775702264.zip"}},"environmentVariables":{"GOOGLE_NODE_RUN_SCRIPTS":""}},"serviceConfig":{"environmentVariables":{"FIREBASE_CONFIG":"{\"projectId\":\"kl-tint-studio\",\"storageBucket\":\"kl-tint-studio.firebasestorage.app\"}","GCLOUD_PROJECT":"kl-tint-studio","EVENTARC_CLOUD_EVENT_SOURCE":"projects/kl-tint-studio/locations/asia-southeast1/services/sendAppointmentReminders","FUNCTION_TARGET":"sendAppointmentReminders","LOG_EXECUTION_ID":"true"},"ingressSettings":null,"timeoutSeconds":null,"serviceAccountEmail":null,"availableMemory":"256Mi","minInstanceCount":null,"maxInstanceCount":null,"maxInstanceRequestConcurrency":80,"availableCpu":"1","vpcConnector":null,"vpcConnectorEgressSettings":null,"directVpcNetworkInterface":null,"directVpcEgress":null},"labels":{"deployment-tool":"cli-firebase","deployment-scheduled":"true","firebase-functions-hash":"ea9af7e38d26ba691f5ca2c35af86a0ec22d92eb"}}
[debug] [2026-03-30T16:51:07.224Z] <<< [apiv2][status] POST https://cloudfunctions.googleapis.com/v2/projects/kl-tint-studio/locations/asia-southeast1/functions 200
[debug] [2026-03-30T16:51:07.225Z] <<< [apiv2][body] POST https://cloudfunctions.googleapis.com/v2/projects/kl-tint-studio/locations/asia-southeast1/functions {"name":"projects/kl-tint-studio/locations/asia-southeast1/operations/operation-1774889463057-64e40a7f60be1-4bbb5400-f786094e","metadata":{"@type":"type.googleapis.com/google.cloud.functions.v2.OperationMetadata","createTime":"2026-03-30T16:51:09.709537215Z","target":"projects/kl-tint-studio/locations/asia-southeast1/functions/sendAppointmentReminders","verb":"create","cancelRequested":false,"apiVersion":"v2"},"done":false}
[debug] [2026-03-30T16:51:07.225Z] Checked if tokens are valid: true, expires at: 1774892950620
[debug] [2026-03-30T16:51:07.225Z] Checked if tokens are valid: true, expires at: 1774892950620
[debug] [2026-03-30T16:51:07.225Z] >>> [apiv2][query] GET https://cloudfunctions.googleapis.com/v2/projects/kl-tint-studio/locations/asia-southeast1/operations/operation-1774889463057-64e40a7f60be1-4bbb5400-f786094e [none]
[debug] [2026-03-30T16:51:07.372Z] <<< [apiv2][status] GET https://cloudfunctions.googleapis.com/v2/projects/kl-tint-studio/locations/asia-southeast1/operations/operation-1774889463057-64e40a7f60be1-4bbb5400-f786094e 200
[debug] [2026-03-30T16:51:07.372Z] <<< [apiv2][body] GET https://cloudfunctions.googleapis.com/v2/projects/kl-tint-studio/locations/asia-southeast1/operations/operation-1774889463057-64e40a7f60be1-4bbb5400-f786094e {"name":"projects/kl-tint-studio/locations/asia-southeast1/operations/operation-1774889463057-64e40a7f60be1-4bbb5400-f786094e","metadata":{"@type":"type.googleapis.com/google.cloud.functions.v2.OperationMetadata","createTime":"2026-03-30T16:51:09.709537215Z","target":"projects/kl-tint-studio/locations/asia-southeast1/functions/sendAppointmentReminders","verb":"create","cancelRequested":false,"apiVersion":"v2"},"done":false}
[debug] [2026-03-30T16:51:07.873Z] [create-default-asia-southeast1-sendAppointmentReminders] Retrying task index 0
[debug] [2026-03-30T16:51:07.873Z] Checked if tokens are valid: true, expires at: 1774892950620
[debug] [2026-03-30T16:51:07.873Z] Checked if tokens are valid: true, expires at: 1774892950620
[debug] [2026-03-30T16:51:07.874Z] >>> [apiv2][query] GET https://cloudfunctions.googleapis.com/v2/projects/kl-tint-studio/locations/asia-southeast1/operations/operation-1774889463057-64e40a7f60be1-4bbb5400-f786094e [none]
[debug] [2026-03-30T16:51:08.009Z] <<< [apiv2][status] GET https://cloudfunctions.googleapis.com/v2/projects/kl-tint-studio/locations/asia-southeast1/operations/operation-1774889463057-64e40a7f60be1-4bbb5400-f786094e 200
[debug] [2026-03-30T16:51:08.009Z] <<< [apiv2][body] GET https://cloudfunctions.googleapis.com/v2/projects/kl-tint-studio/locations/asia-southeast1/operations/operation-1774889463057-64e40a7f60be1-4bbb5400-f786094e {"name":"projects/kl-tint-studio/locations/asia-southeast1/operations/operation-1774889463057-64e40a7f60be1-4bbb5400-f786094e","metadata":{"@type":"type.googleapis.com/google.cloud.functions.v2.OperationMetadata","createTime":"2026-03-30T16:51:09.709537215Z","target":"projects/kl-tint-studio/locations/asia-southeast1/functions/sendAppointmentReminders","verb":"create","cancelRequested":false,"apiVersion":"v2","requestResource":{"@type":"type.googleapis.com/google.cloud.functions.v2.Function","name":"projects/kl-tint-studio/locations/asia-southeast1/functions/sendAppointmentReminders","buildConfig":{"runtime":"nodejs20","entryPoint":"sendAppointmentReminders","source":{"storageSource":{"bucket":"gcf-v2-sources-96399036470-asia-southeast1","object":"sendAppointmentReminders/function-source.zip","generation":"1774889467419492"}},"environmentVariables":{"GOOGLE_NODE_RUN_SCRIPTS":""},"serviceAccount":"projects/kl-tint-studio/serviceAccounts/96399036470-compute@developer.gserviceaccount.com","automaticUpdatePolicy":{}},"serviceConfig":{"service":"projects/kl-tint-studio/locations/asia-southeast1/services/sendappointmentreminders","timeoutSeconds":60,"environmentVariables":{"FIREBASE_CONFIG":"{\"projectId\":\"kl-tint-studio\",\"storageBucket\":\"kl-tint-studio.firebasestorage.app\"}","GCLOUD_PROJECT":"kl-tint-studio","EVENTARC_CLOUD_EVENT_SOURCE":"projects/kl-tint-studio/locations/asia-southeast1/services/sendAppointmentReminders","FUNCTION_TARGET":"sendAppointmentReminders","LOG_EXECUTION_ID":"true"},"ingressSettings":"ALLOW_ALL","serviceAccountEmail":"96399036470-compute@developer.gserviceaccount.com","availableMemory":"256Mi","maxInstanceRequestConcurrency":80,"availableCpu":"1"},"labels":{"deployment-tool":"cli-firebase","deployment-scheduled":"true","firebase-functions-hash":"ea9af7e38d26ba691f5ca2c35af86a0ec22d92eb"},"environment":"GEN_2"},"stages":[{"name":"BUILD","state":"NOT_STARTED","stateMessages":[{"severity":"WARNING","type":"BuildAnalysisWarning","message":"Node.js 20 is no longer supported by the Node.js community as of 30 April, 2026. Node.js 20 will be deprecated on 2026-04-30. We recommend you to upgrade to the latest version of Node.js as soon as possible."}]},{"name":"SERVICE","state":"NOT_STARTED"}],"operationType":"CREATE_FUNCTION"},"done":false}
[debug] [2026-03-30T16:51:09.009Z] [create-default-asia-southeast1-sendAppointmentReminders] Retrying task index 0
[debug] [2026-03-30T16:51:09.010Z] Checked if tokens are valid: true, expires at: 1774892950620
[debug] [2026-03-30T16:51:09.010Z] Checked if tokens are valid: true, expires at: 1774892950620
[debug] [2026-03-30T16:51:09.010Z] >>> [apiv2][query] GET https://cloudfunctions.googleapis.com/v2/projects/kl-tint-studio/locations/asia-southeast1/operations/operation-1774889463057-64e40a7f60be1-4bbb5400-f786094e [none]
[debug] [2026-03-30T16:51:09.121Z] <<< [apiv2][status] GET https://cloudfunctions.googleapis.com/v2/projects/kl-tint-studio/locations/asia-southeast1/operations/operation-1774889463057-64e40a7f60be1-4bbb5400-f786094e 200
[debug] [2026-03-30T16:51:09.121Z] <<< [apiv2][body] GET https://cloudfunctions.googleapis.com/v2/projects/kl-tint-studio/locations/asia-southeast1/operations/operation-1774889463057-64e40a7f60be1-4bbb5400-f786094e {"name":"projects/kl-tint-studio/locations/asia-southeast1/operations/operation-1774889463057-64e40a7f60be1-4bbb5400-f786094e","metadata":{"@type":"type.googleapis.com/google.cloud.functions.v2.OperationMetadata","createTime":"2026-03-30T16:51:09.709537215Z","target":"projects/kl-tint-studio/locations/asia-southeast1/functions/sendAppointmentReminders","verb":"create","cancelRequested":false,"apiVersion":"v2","requestResource":{"@type":"type.googleapis.com/google.cloud.functions.v2.Function","name":"projects/kl-tint-studio/locations/asia-southeast1/functions/sendAppointmentReminders","buildConfig":{"runtime":"nodejs20","entryPoint":"sendAppointmentReminders","source":{"storageSource":{"bucket":"gcf-v2-sources-96399036470-asia-southeast1","object":"sendAppointmentReminders/function-source.zip","generation":"1774889467419492"}},"environmentVariables":{"GOOGLE_NODE_RUN_SCRIPTS":""},"serviceAccount":"projects/kl-tint-studio/serviceAccounts/96399036470-compute@developer.gserviceaccount.com","automaticUpdatePolicy":{}},"serviceConfig":{"service":"projects/kl-tint-studio/locations/asia-southeast1/services/sendappointmentreminders","timeoutSeconds":60,"environmentVariables":{"FIREBASE_CONFIG":"{\"projectId\":\"kl-tint-studio\",\"storageBucket\":\"kl-tint-studio.firebasestorage.app\"}","GCLOUD_PROJECT":"kl-tint-studio","EVENTARC_CLOUD_EVENT_SOURCE":"projects/kl-tint-studio/locations/asia-southeast1/services/sendAppointmentReminders","FUNCTION_TARGET":"sendAppointmentReminders","LOG_EXECUTION_ID":"true"},"ingressSettings":"ALLOW_ALL","serviceAccountEmail":"96399036470-compute@developer.gserviceaccount.com","availableMemory":"256Mi","maxInstanceRequestConcurrency":80,"availableCpu":"1"},"labels":{"deployment-tool":"cli-firebase","deployment-scheduled":"true","firebase-functions-hash":"ea9af7e38d26ba691f5ca2c35af86a0ec22d92eb"},"environment":"GEN_2"},"stages":[{"name":"BUILD","state":"NOT_STARTED","stateMessages":[{"severity":"WARNING","type":"BuildAnalysisWarning","message":"Node.js 20 is no longer supported by the Node.js community as of 30 April, 2026. Node.js 20 will be deprecated on 2026-04-30. We recommend you to upgrade to the latest version of Node.js as soon as possible."}]},{"name":"SERVICE","state":"NOT_STARTED"}],"operationType":"CREATE_FUNCTION"},"done":false}
[debug] [2026-03-30T16:51:11.123Z] [create-default-asia-southeast1-sendAppointmentReminders] Retrying task index 0
[debug] [2026-03-30T16:51:11.123Z] Checked if tokens are valid: true, expires at: 1774892950620
[debug] [2026-03-30T16:51:11.123Z] Checked if tokens are valid: true, expires at: 1774892950620
[debug] [2026-03-30T16:51:11.123Z] >>> [apiv2][query] GET https://cloudfunctions.googleapis.com/v2/projects/kl-tint-studio/locations/asia-southeast1/operations/operation-1774889463057-64e40a7f60be1-4bbb5400-f786094e [none]
[debug] [2026-03-30T16:51:11.275Z] <<< [apiv2][status] GET https://cloudfunctions.googleapis.com/v2/projects/kl-tint-studio/locations/asia-southeast1/operations/operation-1774889463057-64e40a7f60be1-4bbb5400-f786094e 200
[debug] [2026-03-30T16:51:11.275Z] <<< [apiv2][body] GET https://cloudfunctions.googleapis.com/v2/projects/kl-tint-studio/locations/asia-southeast1/operations/operation-1774889463057-64e40a7f60be1-4bbb5400-f786094e {"name":"projects/kl-tint-studio/locations/asia-southeast1/operations/operation-1774889463057-64e40a7f60be1-4bbb5400-f786094e","metadata":{"@type":"type.googleapis.com/google.cloud.functions.v2.OperationMetadata","createTime":"2026-03-30T16:51:09.709537215Z","target":"projects/kl-tint-studio/locations/asia-southeast1/functions/sendAppointmentReminders","verb":"create","cancelRequested":false,"apiVersion":"v2","requestResource":{"@type":"type.googleapis.com/google.cloud.functions.v2.Function","name":"projects/kl-tint-studio/locations/asia-southeast1/functions/sendAppointmentReminders","buildConfig":{"runtime":"nodejs20","entryPoint":"sendAppointmentReminders","source":{"storageSource":{"bucket":"gcf-v2-sources-96399036470-asia-southeast1","object":"sendAppointmentReminders/function-source.zip","generation":"1774889467419492"}},"environmentVariables":{"GOOGLE_NODE_RUN_SCRIPTS":""},"serviceAccount":"projects/kl-tint-studio/serviceAccounts/96399036470-compute@developer.gserviceaccount.com","automaticUpdatePolicy":{}},"serviceConfig":{"service":"projects/kl-tint-studio/locations/asia-southeast1/services/sendappointmentreminders","timeoutSeconds":60,"environmentVariables":{"FIREBASE_CONFIG":"{\"projectId\":\"kl-tint-studio\",\"storageBucket\":\"kl-tint-studio.firebasestorage.app\"}","GCLOUD_PROJECT":"kl-tint-studio","EVENTARC_CLOUD_EVENT_SOURCE":"projects/kl-tint-studio/locations/asia-southeast1/services/sendAppointmentReminders","FUNCTION_TARGET":"sendAppointmentReminders","LOG_EXECUTION_ID":"true"},"ingressSettings":"ALLOW_ALL","serviceAccountEmail":"96399036470-compute@developer.gserviceaccount.com","availableMemory":"256Mi","maxInstanceRequestConcurrency":80,"availableCpu":"1"},"labels":{"deployment-tool":"cli-firebase","deployment-scheduled":"true","firebase-functions-hash":"ea9af7e38d26ba691f5ca2c35af86a0ec22d92eb"},"environment":"GEN_2"},"stages":[{"name":"BUILD","state":"NOT_STARTED","stateMessages":[{"severity":"WARNING","type":"BuildAnalysisWarning","message":"Node.js 20 is no longer supported by the Node.js community as of 30 April, 2026. Node.js 20 will be deprecated on 2026-04-30. We recommend you to upgrade to the latest version of Node.js as soon as possible."}]},{"name":"SERVICE","state":"NOT_STARTED"}],"operationType":"CREATE_FUNCTION"},"done":false}
[debug] [2026-03-30T16:51:15.277Z] [create-default-asia-southeast1-sendAppointmentReminders] Retrying task index 0
[debug] [2026-03-30T16:51:15.277Z] Checked if tokens are valid: true, expires at: 1774892950620
[debug] [2026-03-30T16:51:15.277Z] Checked if tokens are valid: true, expires at: 1774892950620
[debug] [2026-03-30T16:51:15.277Z] >>> [apiv2][query] GET https://cloudfunctions.googleapis.com/v2/projects/kl-tint-studio/locations/asia-southeast1/operations/operation-1774889463057-64e40a7f60be1-4bbb5400-f786094e [none]
[debug] [2026-03-30T16:51:15.378Z] <<< [apiv2][status] GET https://cloudfunctions.googleapis.com/v2/projects/kl-tint-studio/locations/asia-southeast1/operations/operation-1774889463057-64e40a7f60be1-4bbb5400-f786094e 200
[debug] [2026-03-30T16:51:15.378Z] <<< [apiv2][body] GET https://cloudfunctions.googleapis.com/v2/projects/kl-tint-studio/locations/asia-southeast1/operations/operation-1774889463057-64e40a7f60be1-4bbb5400-f786094e {"name":"projects/kl-tint-studio/locations/asia-southeast1/operations/operation-1774889463057-64e40a7f60be1-4bbb5400-f786094e","metadata":{"@type":"type.googleapis.com/google.cloud.functions.v2.OperationMetadata","createTime":"2026-03-30T16:51:09.709537215Z","target":"projects/kl-tint-studio/locations/asia-southeast1/functions/sendAppointmentReminders","verb":"create","cancelRequested":false,"apiVersion":"v2","requestResource":{"@type":"type.googleapis.com/google.cloud.functions.v2.Function","name":"projects/kl-tint-studio/locations/asia-southeast1/functions/sendAppointmentReminders","buildConfig":{"runtime":"nodejs20","entryPoint":"sendAppointmentReminders","source":{"storageSource":{"bucket":"gcf-v2-sources-96399036470-asia-southeast1","object":"sendAppointmentReminders/function-source.zip","generation":"1774889467419492"}},"environmentVariables":{"GOOGLE_NODE_RUN_SCRIPTS":""},"serviceAccount":"projects/kl-tint-studio/serviceAccounts/96399036470-compute@developer.gserviceaccount.com","automaticUpdatePolicy":{}},"serviceConfig":{"service":"projects/kl-tint-studio/locations/asia-southeast1/services/sendappointmentreminders","timeoutSeconds":60,"environmentVariables":{"FIREBASE_CONFIG":"{\"projectId\":\"kl-tint-studio\",\"storageBucket\":\"kl-tint-studio.firebasestorage.app\"}","GCLOUD_PROJECT":"kl-tint-studio","EVENTARC_CLOUD_EVENT_SOURCE":"projects/kl-tint-studio/locations/asia-southeast1/services/sendAppointmentReminders","FUNCTION_TARGET":"sendAppointmentReminders","LOG_EXECUTION_ID":"true"},"ingressSettings":"ALLOW_ALL","serviceAccountEmail":"96399036470-compute@developer.gserviceaccount.com","availableMemory":"256Mi","maxInstanceRequestConcurrency":80,"availableCpu":"1"},"labels":{"deployment-tool":"cli-firebase","deployment-scheduled":"true","firebase-functions-hash":"ea9af7e38d26ba691f5ca2c35af86a0ec22d92eb"},"environment":"GEN_2"},"stages":[{"name":"BUILD","state":"NOT_STARTED","stateMessages":[{"severity":"WARNING","type":"BuildAnalysisWarning","message":"Node.js 20 is no longer supported by the Node.js community as of 30 April, 2026. Node.js 20 will be deprecated on 2026-04-30. We recommend you to upgrade to the latest version of Node.js as soon as possible."}]},{"name":"SERVICE","state":"NOT_STARTED"}],"operationType":"CREATE_FUNCTION"},"done":false}
[debug] [2026-03-30T16:51:23.378Z] [create-default-asia-southeast1-sendAppointmentReminders] Retrying task index 0
[debug] [2026-03-30T16:51:23.378Z] Checked if tokens are valid: true, expires at: 1774892950620
[debug] [2026-03-30T16:51:23.378Z] Checked if tokens are valid: true, expires at: 1774892950620
[debug] [2026-03-30T16:51:23.378Z] >>> [apiv2][query] GET https://cloudfunctions.googleapis.com/v2/projects/kl-tint-studio/locations/asia-southeast1/operations/operation-1774889463057-64e40a7f60be1-4bbb5400-f786094e [none]
[debug] [2026-03-30T16:51:23.551Z] <<< [apiv2][status] GET https://cloudfunctions.googleapis.com/v2/projects/kl-tint-studio/locations/asia-southeast1/operations/operation-1774889463057-64e40a7f60be1-4bbb5400-f786094e 200
[debug] [2026-03-30T16:51:23.551Z] <<< [apiv2][body] GET https://cloudfunctions.googleapis.com/v2/projects/kl-tint-studio/locations/asia-southeast1/operations/operation-1774889463057-64e40a7f60be1-4bbb5400-f786094e {"name":"projects/kl-tint-studio/locations/asia-southeast1/operations/operation-1774889463057-64e40a7f60be1-4bbb5400-f786094e","metadata":{"@type":"type.googleapis.com/google.cloud.functions.v2.OperationMetadata","createTime":"2026-03-30T16:51:09.709537215Z","target":"projects/kl-tint-studio/locations/asia-southeast1/functions/sendAppointmentReminders","verb":"create","cancelRequested":false,"apiVersion":"v2","requestResource":{"@type":"type.googleapis.com/google.cloud.functions.v2.Function","name":"projects/kl-tint-studio/locations/asia-southeast1/functions/sendAppointmentReminders","buildConfig":{"runtime":"nodejs20","entryPoint":"sendAppointmentReminders","source":{"storageSource":{"bucket":"gcf-v2-sources-96399036470-asia-southeast1","object":"sendAppointmentReminders/function-source.zip","generation":"1774889467419492"}},"environmentVariables":{"GOOGLE_NODE_RUN_SCRIPTS":""},"serviceAccount":"projects/kl-tint-studio/serviceAccounts/96399036470-compute@developer.gserviceaccount.com","automaticUpdatePolicy":{}},"serviceConfig":{"service":"projects/kl-tint-studio/locations/asia-southeast1/services/sendappointmentreminders","timeoutSeconds":60,"environmentVariables":{"FIREBASE_CONFIG":"{\"projectId\":\"kl-tint-studio\",\"storageBucket\":\"kl-tint-studio.firebasestorage.app\"}","GCLOUD_PROJECT":"kl-tint-studio","EVENTARC_CLOUD_EVENT_SOURCE":"projects/kl-tint-studio/locations/asia-southeast1/services/sendAppointmentReminders","FUNCTION_TARGET":"sendAppointmentReminders","LOG_EXECUTION_ID":"true"},"ingressSettings":"ALLOW_ALL","serviceAccountEmail":"96399036470-compute@developer.gserviceaccount.com","availableMemory":"256Mi","maxInstanceRequestConcurrency":80,"availableCpu":"1"},"labels":{"deployment-tool":"cli-firebase","deployment-scheduled":"true","firebase-functions-hash":"ea9af7e38d26ba691f5ca2c35af86a0ec22d92eb"},"environment":"GEN_2"},"stages":[{"name":"BUILD","state":"NOT_STARTED","stateMessages":[{"severity":"WARNING","type":"BuildAnalysisWarning","message":"Node.js 20 is no longer supported by the Node.js community as of 30 April, 2026. Node.js 20 will be deprecated on 2026-04-30. We recommend you to upgrade to the latest version of Node.js as soon as possible."}]},{"name":"SERVICE","state":"NOT_STARTED"}],"operationType":"CREATE_FUNCTION"},"done":false}
[debug] [2026-03-30T16:51:33.550Z] [create-default-asia-southeast1-sendAppointmentReminders] Retrying task index 0
[debug] [2026-03-30T16:51:33.551Z] Checked if tokens are valid: true, expires at: 1774892950620
[debug] [2026-03-30T16:51:33.551Z] Checked if tokens are valid: true, expires at: 1774892950620
[debug] [2026-03-30T16:51:33.551Z] >>> [apiv2][query] GET https://cloudfunctions.googleapis.com/v2/projects/kl-tint-studio/locations/asia-southeast1/operations/operation-1774889463057-64e40a7f60be1-4bbb5400-f786094e [none]
[debug] [2026-03-30T16:51:33.756Z] <<< [apiv2][status] GET https://cloudfunctions.googleapis.com/v2/projects/kl-tint-studio/locations/asia-southeast1/operations/operation-1774889463057-64e40a7f60be1-4bbb5400-f786094e 200
[debug] [2026-03-30T16:51:33.756Z] <<< [apiv2][body] GET https://cloudfunctions.googleapis.com/v2/projects/kl-tint-studio/locations/asia-southeast1/operations/operation-1774889463057-64e40a7f60be1-4bbb5400-f786094e {"name":"projects/kl-tint-studio/locations/asia-southeast1/operations/operation-1774889463057-64e40a7f60be1-4bbb5400-f786094e","metadata":{"@type":"type.googleapis.com/google.cloud.functions.v2.OperationMetadata","createTime":"2026-03-30T16:51:09.709537215Z","target":"projects/kl-tint-studio/locations/asia-southeast1/functions/sendAppointmentReminders","verb":"create","cancelRequested":false,"apiVersion":"v2","requestResource":{"@type":"type.googleapis.com/google.cloud.functions.v2.Function","name":"projects/kl-tint-studio/locations/asia-southeast1/functions/sendAppointmentReminders","buildConfig":{"runtime":"nodejs20","entryPoint":"sendAppointmentReminders","source":{"storageSource":{"bucket":"gcf-v2-sources-96399036470-asia-southeast1","object":"sendAppointmentReminders/function-source.zip","generation":"1774889467419492"}},"environmentVariables":{"GOOGLE_NODE_RUN_SCRIPTS":""},"serviceAccount":"projects/kl-tint-studio/serviceAccounts/96399036470-compute@developer.gserviceaccount.com","automaticUpdatePolicy":{}},"serviceConfig":{"service":"projects/kl-tint-studio/locations/asia-southeast1/services/sendappointmentreminders","timeoutSeconds":60,"environmentVariables":{"FIREBASE_CONFIG":"{\"projectId\":\"kl-tint-studio\",\"storageBucket\":\"kl-tint-studio.firebasestorage.app\"}","GCLOUD_PROJECT":"kl-tint-studio","EVENTARC_CLOUD_EVENT_SOURCE":"projects/kl-tint-studio/locations/asia-southeast1/services/sendAppointmentReminders","FUNCTION_TARGET":"sendAppointmentReminders","LOG_EXECUTION_ID":"true"},"ingressSettings":"ALLOW_ALL","serviceAccountEmail":"96399036470-compute@developer.gserviceaccount.com","availableMemory":"256Mi","maxInstanceRequestConcurrency":80,"availableCpu":"1"},"labels":{"deployment-tool":"cli-firebase","deployment-scheduled":"true","firebase-functions-hash":"ea9af7e38d26ba691f5ca2c35af86a0ec22d92eb"},"environment":"GEN_2"},"stages":[{"name":"BUILD","state":"NOT_STARTED","stateMessages":[{"severity":"WARNING","type":"BuildAnalysisWarning","message":"Node.js 20 is no longer supported by the Node.js community as of 30 April, 2026. Node.js 20 will be deprecated on 2026-04-30. We recommend you to upgrade to the latest version of Node.js as soon as possible."}]},{"name":"SERVICE","state":"NOT_STARTED"}],"operationType":"CREATE_FUNCTION"},"done":false}
[debug] [2026-03-30T16:51:43.756Z] [create-default-asia-southeast1-sendAppointmentReminders] Retrying task index 0
[debug] [2026-03-30T16:51:43.756Z] Checked if tokens are valid: true, expires at: 1774892950620
[debug] [2026-03-30T16:51:43.756Z] Checked if tokens are valid: true, expires at: 1774892950620
[debug] [2026-03-30T16:51:43.756Z] >>> [apiv2][query] GET https://cloudfunctions.googleapis.com/v2/projects/kl-tint-studio/locations/asia-southeast1/operations/operation-1774889463057-64e40a7f60be1-4bbb5400-f786094e [none]
[debug] [2026-03-30T16:51:43.938Z] <<< [apiv2][status] GET https://cloudfunctions.googleapis.com/v2/projects/kl-tint-studio/locations/asia-southeast1/operations/operation-1774889463057-64e40a7f60be1-4bbb5400-f786094e 200
[debug] [2026-03-30T16:51:43.938Z] <<< [apiv2][body] GET https://cloudfunctions.googleapis.com/v2/projects/kl-tint-studio/locations/asia-southeast1/operations/operation-1774889463057-64e40a7f60be1-4bbb5400-f786094e {"name":"projects/kl-tint-studio/locations/asia-southeast1/operations/operation-1774889463057-64e40a7f60be1-4bbb5400-f786094e","metadata":{"@type":"type.googleapis.com/google.cloud.functions.v2.OperationMetadata","createTime":"2026-03-30T16:51:09.709537215Z","target":"projects/kl-tint-studio/locations/asia-southeast1/functions/sendAppointmentReminders","verb":"create","cancelRequested":false,"apiVersion":"v2","requestResource":{"@type":"type.googleapis.com/google.cloud.functions.v2.Function","name":"projects/kl-tint-studio/locations/asia-southeast1/functions/sendAppointmentReminders","buildConfig":{"runtime":"nodejs20","entryPoint":"sendAppointmentReminders","source":{"storageSource":{"bucket":"gcf-v2-sources-96399036470-asia-southeast1","object":"sendAppointmentReminders/function-source.zip","generation":"1774889467419492"}},"environmentVariables":{"GOOGLE_NODE_RUN_SCRIPTS":""},"serviceAccount":"projects/kl-tint-studio/serviceAccounts/96399036470-compute@developer.gserviceaccount.com","automaticUpdatePolicy":{}},"serviceConfig":{"service":"projects/kl-tint-studio/locations/asia-southeast1/services/sendappointmentreminders","timeoutSeconds":60,"environmentVariables":{"FIREBASE_CONFIG":"{\"projectId\":\"kl-tint-studio\",\"storageBucket\":\"kl-tint-studio.firebasestorage.app\"}","GCLOUD_PROJECT":"kl-tint-studio","EVENTARC_CLOUD_EVENT_SOURCE":"projects/kl-tint-studio/locations/asia-southeast1/services/sendAppointmentReminders","FUNCTION_TARGET":"sendAppointmentReminders","LOG_EXECUTION_ID":"true"},"ingressSettings":"ALLOW_ALL","serviceAccountEmail":"96399036470-compute@developer.gserviceaccount.com","availableMemory":"256Mi","maxInstanceRequestConcurrency":80,"availableCpu":"1"},"labels":{"deployment-tool":"cli-firebase","deployment-scheduled":"true","firebase-functions-hash":"ea9af7e38d26ba691f5ca2c35af86a0ec22d92eb"},"environment":"GEN_2"},"stages":[{"name":"BUILD","state":"NOT_STARTED","stateMessages":[{"severity":"WARNING","type":"BuildAnalysisWarning","message":"Node.js 20 is no longer supported by the Node.js community as of 30 April, 2026. Node.js 20 will be deprecated on 2026-04-30. We recommend you to upgrade to the latest version of Node.js as soon as possible."}]},{"name":"SERVICE","state":"NOT_STARTED"}],"operationType":"CREATE_FUNCTION"},"done":false}
[debug] [2026-03-30T16:51:53.939Z] [create-default-asia-southeast1-sendAppointmentReminders] Retrying task index 0
[debug] [2026-03-30T16:51:53.939Z] Checked if tokens are valid: true, expires at: 1774892950620
[debug] [2026-03-30T16:51:53.939Z] Checked if tokens are valid: true, expires at: 1774892950620
[debug] [2026-03-30T16:51:53.939Z] >>> [apiv2][query] GET https://cloudfunctions.googleapis.com/v2/projects/kl-tint-studio/locations/asia-southeast1/operations/operation-1774889463057-64e40a7f60be1-4bbb5400-f786094e [none]
[debug] [2026-03-30T16:51:54.122Z] <<< [apiv2][status] GET https://cloudfunctions.googleapis.com/v2/projects/kl-tint-studio/locations/asia-southeast1/operations/operation-1774889463057-64e40a7f60be1-4bbb5400-f786094e 200
[debug] [2026-03-30T16:51:54.122Z] <<< [apiv2][body] GET https://cloudfunctions.googleapis.com/v2/projects/kl-tint-studio/locations/asia-southeast1/operations/operation-1774889463057-64e40a7f60be1-4bbb5400-f786094e {"name":"projects/kl-tint-studio/locations/asia-southeast1/operations/operation-1774889463057-64e40a7f60be1-4bbb5400-f786094e","metadata":{"@type":"type.googleapis.com/google.cloud.functions.v2.OperationMetadata","createTime":"2026-03-30T16:51:09.709537215Z","target":"projects/kl-tint-studio/locations/asia-southeast1/functions/sendAppointmentReminders","verb":"create","cancelRequested":false,"apiVersion":"v2","requestResource":{"@type":"type.googleapis.com/google.cloud.functions.v2.Function","name":"projects/kl-tint-studio/locations/asia-southeast1/functions/sendAppointmentReminders","buildConfig":{"runtime":"nodejs20","entryPoint":"sendAppointmentReminders","source":{"storageSource":{"bucket":"gcf-v2-sources-96399036470-asia-southeast1","object":"sendAppointmentReminders/function-source.zip","generation":"1774889467419492"}},"environmentVariables":{"GOOGLE_NODE_RUN_SCRIPTS":""},"serviceAccount":"projects/kl-tint-studio/serviceAccounts/96399036470-compute@developer.gserviceaccount.com","automaticUpdatePolicy":{}},"serviceConfig":{"service":"projects/kl-tint-studio/locations/asia-southeast1/services/sendappointmentreminders","timeoutSeconds":60,"environmentVariables":{"FIREBASE_CONFIG":"{\"projectId\":\"kl-tint-studio\",\"storageBucket\":\"kl-tint-studio.firebasestorage.app\"}","GCLOUD_PROJECT":"kl-tint-studio","EVENTARC_CLOUD_EVENT_SOURCE":"projects/kl-tint-studio/locations/asia-southeast1/services/sendAppointmentReminders","FUNCTION_TARGET":"sendAppointmentReminders","LOG_EXECUTION_ID":"true"},"ingressSettings":"ALLOW_ALL","serviceAccountEmail":"96399036470-compute@developer.gserviceaccount.com","availableMemory":"256Mi","maxInstanceRequestConcurrency":80,"availableCpu":"1"},"labels":{"deployment-tool":"cli-firebase","deployment-scheduled":"true","firebase-functions-hash":"ea9af7e38d26ba691f5ca2c35af86a0ec22d92eb"},"environment":"GEN_2"},"stages":[{"name":"BUILD","state":"NOT_STARTED","stateMessages":[{"severity":"WARNING","type":"BuildAnalysisWarning","message":"Node.js 20 is no longer supported by the Node.js community as of 30 April, 2026. Node.js 20 will be deprecated on 2026-04-30. We recommend you to upgrade to the latest version of Node.js as soon as possible."}]},{"name":"SERVICE","state":"NOT_STARTED"}],"operationType":"CREATE_FUNCTION"},"done":false}
[debug] [2026-03-30T16:52:04.123Z] [create-default-asia-southeast1-sendAppointmentReminders] Retrying task index 0
[debug] [2026-03-30T16:52:04.124Z] Checked if tokens are valid: true, expires at: 1774892950620
[debug] [2026-03-30T16:52:04.124Z] Checked if tokens are valid: true, expires at: 1774892950620
[debug] [2026-03-30T16:52:04.124Z] >>> [apiv2][query] GET https://cloudfunctions.googleapis.com/v2/projects/kl-tint-studio/locations/asia-southeast1/operations/operation-1774889463057-64e40a7f60be1-4bbb5400-f786094e [none]
[debug] [2026-03-30T16:52:04.329Z] <<< [apiv2][status] GET https://cloudfunctions.googleapis.com/v2/projects/kl-tint-studio/locations/asia-southeast1/operations/operation-1774889463057-64e40a7f60be1-4bbb5400-f786094e 200
[debug] [2026-03-30T16:52:04.329Z] <<< [apiv2][body] GET https://cloudfunctions.googleapis.com/v2/projects/kl-tint-studio/locations/asia-southeast1/operations/operation-1774889463057-64e40a7f60be1-4bbb5400-f786094e {"name":"projects/kl-tint-studio/locations/asia-southeast1/operations/operation-1774889463057-64e40a7f60be1-4bbb5400-f786094e","metadata":{"@type":"type.googleapis.com/google.cloud.functions.v2.OperationMetadata","createTime":"2026-03-30T16:51:09.709537215Z","target":"projects/kl-tint-studio/locations/asia-southeast1/functions/sendAppointmentReminders","verb":"create","cancelRequested":false,"apiVersion":"v2","requestResource":{"@type":"type.googleapis.com/google.cloud.functions.v2.Function","name":"projects/kl-tint-studio/locations/asia-southeast1/functions/sendAppointmentReminders","buildConfig":{"runtime":"nodejs20","entryPoint":"sendAppointmentReminders","source":{"storageSource":{"bucket":"gcf-v2-sources-96399036470-asia-southeast1","object":"sendAppointmentReminders/function-source.zip","generation":"1774889467419492"}},"environmentVariables":{"GOOGLE_NODE_RUN_SCRIPTS":""},"serviceAccount":"projects/kl-tint-studio/serviceAccounts/96399036470-compute@developer.gserviceaccount.com","automaticUpdatePolicy":{}},"serviceConfig":{"service":"projects/kl-tint-studio/locations/asia-southeast1/services/sendappointmentreminders","timeoutSeconds":60,"environmentVariables":{"FIREBASE_CONFIG":"{\"projectId\":\"kl-tint-studio\",\"storageBucket\":\"kl-tint-studio.firebasestorage.app\"}","GCLOUD_PROJECT":"kl-tint-studio","EVENTARC_CLOUD_EVENT_SOURCE":"projects/kl-tint-studio/locations/asia-southeast1/services/sendAppointmentReminders","FUNCTION_TARGET":"sendAppointmentReminders","LOG_EXECUTION_ID":"true"},"ingressSettings":"ALLOW_ALL","serviceAccountEmail":"96399036470-compute@developer.gserviceaccount.com","availableMemory":"256Mi","maxInstanceRequestConcurrency":80,"availableCpu":"1"},"labels":{"deployment-tool":"cli-firebase","deployment-scheduled":"true","firebase-functions-hash":"ea9af7e38d26ba691f5ca2c35af86a0ec22d92eb"},"environment":"GEN_2"},"stages":[{"name":"BUILD","state":"NOT_STARTED","stateMessages":[{"severity":"WARNING","type":"BuildAnalysisWarning","message":"Node.js 20 is no longer supported by the Node.js community as of 30 April, 2026. Node.js 20 will be deprecated on 2026-04-30. We recommend you to upgrade to the latest version of Node.js as soon as possible."}]},{"name":"SERVICE","state":"NOT_STARTED"}],"operationType":"CREATE_FUNCTION"},"done":false}
[debug] [2026-03-30T16:52:14.329Z] [create-default-asia-southeast1-sendAppointmentReminders] Retrying task index 0
[debug] [2026-03-30T16:52:14.329Z] Checked if tokens are valid: true, expires at: 1774892950620
[debug] [2026-03-30T16:52:14.329Z] Checked if tokens are valid: true, expires at: 1774892950620
[debug] [2026-03-30T16:52:14.329Z] >>> [apiv2][query] GET https://cloudfunctions.googleapis.com/v2/projects/kl-tint-studio/locations/asia-southeast1/operations/operation-1774889463057-64e40a7f60be1-4bbb5400-f786094e [none]
[debug] [2026-03-30T16:52:14.513Z] <<< [apiv2][status] GET https://cloudfunctions.googleapis.com/v2/projects/kl-tint-studio/locations/asia-southeast1/operations/operation-1774889463057-64e40a7f60be1-4bbb5400-f786094e 200
[debug] [2026-03-30T16:52:14.513Z] <<< [apiv2][body] GET https://cloudfunctions.googleapis.com/v2/projects/kl-tint-studio/locations/asia-southeast1/operations/operation-1774889463057-64e40a7f60be1-4bbb5400-f786094e {"name":"projects/kl-tint-studio/locations/asia-southeast1/operations/operation-1774889463057-64e40a7f60be1-4bbb5400-f786094e","metadata":{"@type":"type.googleapis.com/google.cloud.functions.v2.OperationMetadata","createTime":"2026-03-30T16:51:09.709537215Z","target":"projects/kl-tint-studio/locations/asia-southeast1/functions/sendAppointmentReminders","verb":"create","cancelRequested":false,"apiVersion":"v2","requestResource":{"@type":"type.googleapis.com/google.cloud.functions.v2.Function","name":"projects/kl-tint-studio/locations/asia-southeast1/functions/sendAppointmentReminders","buildConfig":{"runtime":"nodejs20","entryPoint":"sendAppointmentReminders","source":{"storageSource":{"bucket":"gcf-v2-sources-96399036470-asia-southeast1","object":"sendAppointmentReminders/function-source.zip","generation":"1774889467419492"}},"environmentVariables":{"GOOGLE_NODE_RUN_SCRIPTS":""},"serviceAccount":"projects/kl-tint-studio/serviceAccounts/96399036470-compute@developer.gserviceaccount.com","automaticUpdatePolicy":{}},"serviceConfig":{"service":"projects/kl-tint-studio/locations/asia-southeast1/services/sendappointmentreminders","timeoutSeconds":60,"environmentVariables":{"FIREBASE_CONFIG":"{\"projectId\":\"kl-tint-studio\",\"storageBucket\":\"kl-tint-studio.firebasestorage.app\"}","GCLOUD_PROJECT":"kl-tint-studio","EVENTARC_CLOUD_EVENT_SOURCE":"projects/kl-tint-studio/locations/asia-southeast1/services/sendAppointmentReminders","FUNCTION_TARGET":"sendAppointmentReminders","LOG_EXECUTION_ID":"true"},"ingressSettings":"ALLOW_ALL","serviceAccountEmail":"96399036470-compute@developer.gserviceaccount.com","availableMemory":"256Mi","maxInstanceRequestConcurrency":80,"availableCpu":"1"},"labels":{"deployment-tool":"cli-firebase","deployment-scheduled":"true","firebase-functions-hash":"ea9af7e38d26ba691f5ca2c35af86a0ec22d92eb"},"environment":"GEN_2"},"stages":[{"name":"BUILD","state":"NOT_STARTED","stateMessages":[{"severity":"WARNING","type":"BuildAnalysisWarning","message":"Node.js 20 is no longer supported by the Node.js community as of 30 April, 2026. Node.js 20 will be deprecated on 2026-04-30. We recommend you to upgrade to the latest version of Node.js as soon as possible."}]},{"name":"SERVICE","state":"NOT_STARTED"}],"operationType":"CREATE_FUNCTION"},"done":false}
[debug] [2026-03-30T16:52:24.513Z] [create-default-asia-southeast1-sendAppointmentReminders] Retrying task index 0
[debug] [2026-03-30T16:52:24.513Z] Checked if tokens are valid: true, expires at: 1774892950620
[debug] [2026-03-30T16:52:24.513Z] Checked if tokens are valid: true, expires at: 1774892950620
[debug] [2026-03-30T16:52:24.513Z] >>> [apiv2][query] GET https://cloudfunctions.googleapis.com/v2/projects/kl-tint-studio/locations/asia-southeast1/operations/operation-1774889463057-64e40a7f60be1-4bbb5400-f786094e [none]
[debug] [2026-03-30T16:52:24.686Z] <<< [apiv2][status] GET https://cloudfunctions.googleapis.com/v2/projects/kl-tint-studio/locations/asia-southeast1/operations/operation-1774889463057-64e40a7f60be1-4bbb5400-f786094e 200
[debug] [2026-03-30T16:52:24.686Z] <<< [apiv2][body] GET https://cloudfunctions.googleapis.com/v2/projects/kl-tint-studio/locations/asia-southeast1/operations/operation-1774889463057-64e40a7f60be1-4bbb5400-f786094e {"name":"projects/kl-tint-studio/locations/asia-southeast1/operations/operation-1774889463057-64e40a7f60be1-4bbb5400-f786094e","metadata":{"@type":"type.googleapis.com/google.cloud.functions.v2.OperationMetadata","createTime":"2026-03-30T16:51:09.709537215Z","target":"projects/kl-tint-studio/locations/asia-southeast1/functions/sendAppointmentReminders","verb":"create","cancelRequested":false,"apiVersion":"v2","requestResource":{"@type":"type.googleapis.com/google.cloud.functions.v2.Function","name":"projects/kl-tint-studio/locations/asia-southeast1/functions/sendAppointmentReminders","buildConfig":{"runtime":"nodejs20","entryPoint":"sendAppointmentReminders","source":{"storageSource":{"bucket":"gcf-v2-sources-96399036470-asia-southeast1","object":"sendAppointmentReminders/function-source.zip","generation":"1774889467419492"}},"environmentVariables":{"GOOGLE_NODE_RUN_SCRIPTS":""},"serviceAccount":"projects/kl-tint-studio/serviceAccounts/96399036470-compute@developer.gserviceaccount.com","automaticUpdatePolicy":{}},"serviceConfig":{"service":"projects/kl-tint-studio/locations/asia-southeast1/services/sendappointmentreminders","timeoutSeconds":60,"environmentVariables":{"FIREBASE_CONFIG":"{\"projectId\":\"kl-tint-studio\",\"storageBucket\":\"kl-tint-studio.firebasestorage.app\"}","GCLOUD_PROJECT":"kl-tint-studio","EVENTARC_CLOUD_EVENT_SOURCE":"projects/kl-tint-studio/locations/asia-southeast1/services/sendAppointmentReminders","FUNCTION_TARGET":"sendAppointmentReminders","LOG_EXECUTION_ID":"true"},"ingressSettings":"ALLOW_ALL","serviceAccountEmail":"96399036470-compute@developer.gserviceaccount.com","availableMemory":"256Mi","maxInstanceRequestConcurrency":80,"availableCpu":"1"},"labels":{"deployment-tool":"cli-firebase","deployment-scheduled":"true","firebase-functions-hash":"ea9af7e38d26ba691f5ca2c35af86a0ec22d92eb"},"environment":"GEN_2"},"stages":[{"name":"BUILD","message":"Build in progress","state":"IN_PROGRESS","resource":"projects/96399036470/locations/asia-southeast1/builds/3a9192bd-8756-461a-bec7-cd891c5a290e","resourceUri":"https://console.cloud.google.com/cloud-build/builds;region=asia-southeast1/3a9192bd-8756-461a-bec7-cd891c5a290e?project=96399036470"},{"name":"SERVICE","state":"NOT_STARTED"}],"operationType":"CREATE_FUNCTION","buildName":"projects/96399036470/locations/asia-southeast1/builds/3a9192bd-8756-461a-bec7-cd891c5a290e"},"done":false}
[debug] [2026-03-30T16:52:34.687Z] [create-default-asia-southeast1-sendAppointmentReminders] Retrying task index 0
[debug] [2026-03-30T16:52:34.687Z] Checked if tokens are valid: true, expires at: 1774892950620
[debug] [2026-03-30T16:52:34.687Z] Checked if tokens are valid: true, expires at: 1774892950620
[debug] [2026-03-30T16:52:34.688Z] >>> [apiv2][query] GET https://cloudfunctions.googleapis.com/v2/projects/kl-tint-studio/locations/asia-southeast1/operations/operation-1774889463057-64e40a7f60be1-4bbb5400-f786094e [none]
[debug] [2026-03-30T16:52:34.867Z] <<< [apiv2][status] GET https://cloudfunctions.googleapis.com/v2/projects/kl-tint-studio/locations/asia-southeast1/operations/operation-1774889463057-64e40a7f60be1-4bbb5400-f786094e 200
[debug] [2026-03-30T16:52:34.867Z] <<< [apiv2][body] GET https://cloudfunctions.googleapis.com/v2/projects/kl-tint-studio/locations/asia-southeast1/operations/operation-1774889463057-64e40a7f60be1-4bbb5400-f786094e {"name":"projects/kl-tint-studio/locations/asia-southeast1/operations/operation-1774889463057-64e40a7f60be1-4bbb5400-f786094e","metadata":{"@type":"type.googleapis.com/google.cloud.functions.v2.OperationMetadata","createTime":"2026-03-30T16:51:09.709537215Z","target":"projects/kl-tint-studio/locations/asia-southeast1/functions/sendAppointmentReminders","verb":"create","cancelRequested":false,"apiVersion":"v2","requestResource":{"@type":"type.googleapis.com/google.cloud.functions.v2.Function","name":"projects/kl-tint-studio/locations/asia-southeast1/functions/sendAppointmentReminders","buildConfig":{"runtime":"nodejs20","entryPoint":"sendAppointmentReminders","source":{"storageSource":{"bucket":"gcf-v2-sources-96399036470-asia-southeast1","object":"sendAppointmentReminders/function-source.zip","generation":"1774889467419492"}},"environmentVariables":{"GOOGLE_NODE_RUN_SCRIPTS":""},"serviceAccount":"projects/kl-tint-studio/serviceAccounts/96399036470-compute@developer.gserviceaccount.com","automaticUpdatePolicy":{}},"serviceConfig":{"service":"projects/kl-tint-studio/locations/asia-southeast1/services/sendappointmentreminders","timeoutSeconds":60,"environmentVariables":{"FIREBASE_CONFIG":"{\"projectId\":\"kl-tint-studio\",\"storageBucket\":\"kl-tint-studio.firebasestorage.app\"}","GCLOUD_PROJECT":"kl-tint-studio","EVENTARC_CLOUD_EVENT_SOURCE":"projects/kl-tint-studio/locations/asia-southeast1/services/sendAppointmentReminders","FUNCTION_TARGET":"sendAppointmentReminders","LOG_EXECUTION_ID":"true"},"ingressSettings":"ALLOW_ALL","serviceAccountEmail":"96399036470-compute@developer.gserviceaccount.com","availableMemory":"256Mi","maxInstanceRequestConcurrency":80,"availableCpu":"1"},"labels":{"deployment-tool":"cli-firebase","deployment-scheduled":"true","firebase-functions-hash":"ea9af7e38d26ba691f5ca2c35af86a0ec22d92eb"},"environment":"GEN_2"},"stages":[{"name":"BUILD","message":"Build in progress","state":"IN_PROGRESS","resource":"projects/96399036470/locations/asia-southeast1/builds/3a9192bd-8756-461a-bec7-cd891c5a290e","resourceUri":"https://console.cloud.google.com/cloud-build/builds;region=asia-southeast1/3a9192bd-8756-461a-bec7-cd891c5a290e?project=96399036470"},{"name":"SERVICE","state":"NOT_STARTED"}],"operationType":"CREATE_FUNCTION","buildName":"projects/96399036470/locations/asia-southeast1/builds/3a9192bd-8756-461a-bec7-cd891c5a290e"},"done":false}
[debug] [2026-03-30T16:52:44.868Z] [create-default-asia-southeast1-sendAppointmentReminders] Retrying task index 0
[debug] [2026-03-30T16:52:44.868Z] Checked if tokens are valid: true, expires at: 1774892950620
[debug] [2026-03-30T16:52:44.868Z] Checked if tokens are valid: true, expires at: 1774892950620
[debug] [2026-03-30T16:52:44.868Z] >>> [apiv2][query] GET https://cloudfunctions.googleapis.com/v2/projects/kl-tint-studio/locations/asia-southeast1/operations/operation-1774889463057-64e40a7f60be1-4bbb5400-f786094e [none]
[debug] [2026-03-30T16:52:45.056Z] <<< [apiv2][status] GET https://cloudfunctions.googleapis.com/v2/projects/kl-tint-studio/locations/asia-southeast1/operations/operation-1774889463057-64e40a7f60be1-4bbb5400-f786094e 200
[debug] [2026-03-30T16:52:45.056Z] <<< [apiv2][body] GET https://cloudfunctions.googleapis.com/v2/projects/kl-tint-studio/locations/asia-southeast1/operations/operation-1774889463057-64e40a7f60be1-4bbb5400-f786094e {"name":"projects/kl-tint-studio/locations/asia-southeast1/operations/operation-1774889463057-64e40a7f60be1-4bbb5400-f786094e","metadata":{"@type":"type.googleapis.com/google.cloud.functions.v2.OperationMetadata","createTime":"2026-03-30T16:51:09.709537215Z","target":"projects/kl-tint-studio/locations/asia-southeast1/functions/sendAppointmentReminders","verb":"create","cancelRequested":false,"apiVersion":"v2","requestResource":{"@type":"type.googleapis.com/google.cloud.functions.v2.Function","name":"projects/kl-tint-studio/locations/asia-southeast1/functions/sendAppointmentReminders","buildConfig":{"runtime":"nodejs20","entryPoint":"sendAppointmentReminders","source":{"storageSource":{"bucket":"gcf-v2-sources-96399036470-asia-southeast1","object":"sendAppointmentReminders/function-source.zip","generation":"1774889467419492"}},"environmentVariables":{"GOOGLE_NODE_RUN_SCRIPTS":""},"serviceAccount":"projects/kl-tint-studio/serviceAccounts/96399036470-compute@developer.gserviceaccount.com","automaticUpdatePolicy":{}},"serviceConfig":{"service":"projects/kl-tint-studio/locations/asia-southeast1/services/sendappointmentreminders","timeoutSeconds":60,"environmentVariables":{"FIREBASE_CONFIG":"{\"projectId\":\"kl-tint-studio\",\"storageBucket\":\"kl-tint-studio.firebasestorage.app\"}","GCLOUD_PROJECT":"kl-tint-studio","EVENTARC_CLOUD_EVENT_SOURCE":"projects/kl-tint-studio/locations/asia-southeast1/services/sendAppointmentReminders","FUNCTION_TARGET":"sendAppointmentReminders","LOG_EXECUTION_ID":"true"},"ingressSettings":"ALLOW_ALL","serviceAccountEmail":"96399036470-compute@developer.gserviceaccount.com","availableMemory":"256Mi","maxInstanceRequestConcurrency":80,"availableCpu":"1"},"labels":{"deployment-tool":"cli-firebase","deployment-scheduled":"true","firebase-functions-hash":"ea9af7e38d26ba691f5ca2c35af86a0ec22d92eb"},"environment":"GEN_2"},"stages":[{"name":"BUILD","message":"Build in progress","state":"IN_PROGRESS","resource":"projects/96399036470/locations/asia-southeast1/builds/3a9192bd-8756-461a-bec7-cd891c5a290e","resourceUri":"https://console.cloud.google.com/cloud-build/builds;region=asia-southeast1/3a9192bd-8756-461a-bec7-cd891c5a290e?project=96399036470"},{"name":"SERVICE","state":"NOT_STARTED"}],"operationType":"CREATE_FUNCTION","buildName":"projects/96399036470/locations/asia-southeast1/builds/3a9192bd-8756-461a-bec7-cd891c5a290e"},"done":false}
[debug] [2026-03-30T16:52:55.056Z] [create-default-asia-southeast1-sendAppointmentReminders] Retrying task index 0
[debug] [2026-03-30T16:52:55.056Z] Checked if tokens are valid: true, expires at: 1774892950620
[debug] [2026-03-30T16:52:55.056Z] Checked if tokens are valid: true, expires at: 1774892950620
[debug] [2026-03-30T16:52:55.057Z] >>> [apiv2][query] GET https://cloudfunctions.googleapis.com/v2/projects/kl-tint-studio/locations/asia-southeast1/operations/operation-1774889463057-64e40a7f60be1-4bbb5400-f786094e [none]
[debug] [2026-03-30T16:52:55.239Z] <<< [apiv2][status] GET https://cloudfunctions.googleapis.com/v2/projects/kl-tint-studio/locations/asia-southeast1/operations/operation-1774889463057-64e40a7f60be1-4bbb5400-f786094e 200
[debug] [2026-03-30T16:52:55.239Z] <<< [apiv2][body] GET https://cloudfunctions.googleapis.com/v2/projects/kl-tint-studio/locations/asia-southeast1/operations/operation-1774889463057-64e40a7f60be1-4bbb5400-f786094e {"name":"projects/kl-tint-studio/locations/asia-southeast1/operations/operation-1774889463057-64e40a7f60be1-4bbb5400-f786094e","metadata":{"@type":"type.googleapis.com/google.cloud.functions.v2.OperationMetadata","createTime":"2026-03-30T16:51:09.709537215Z","target":"projects/kl-tint-studio/locations/asia-southeast1/functions/sendAppointmentReminders","verb":"create","cancelRequested":false,"apiVersion":"v2","requestResource":{"@type":"type.googleapis.com/google.cloud.functions.v2.Function","name":"projects/kl-tint-studio/locations/asia-southeast1/functions/sendAppointmentReminders","buildConfig":{"runtime":"nodejs20","entryPoint":"sendAppointmentReminders","source":{"storageSource":{"bucket":"gcf-v2-sources-96399036470-asia-southeast1","object":"sendAppointmentReminders/function-source.zip","generation":"1774889467419492"}},"environmentVariables":{"GOOGLE_NODE_RUN_SCRIPTS":""},"serviceAccount":"projects/kl-tint-studio/serviceAccounts/96399036470-compute@developer.gserviceaccount.com","automaticUpdatePolicy":{}},"serviceConfig":{"service":"projects/kl-tint-studio/locations/asia-southeast1/services/sendappointmentreminders","timeoutSeconds":60,"environmentVariables":{"FIREBASE_CONFIG":"{\"projectId\":\"kl-tint-studio\",\"storageBucket\":\"kl-tint-studio.firebasestorage.app\"}","GCLOUD_PROJECT":"kl-tint-studio","EVENTARC_CLOUD_EVENT_SOURCE":"projects/kl-tint-studio/locations/asia-southeast1/services/sendAppointmentReminders","FUNCTION_TARGET":"sendAppointmentReminders","LOG_EXECUTION_ID":"true"},"ingressSettings":"ALLOW_ALL","serviceAccountEmail":"96399036470-compute@developer.gserviceaccount.com","availableMemory":"256Mi","maxInstanceRequestConcurrency":80,"availableCpu":"1"},"labels":{"deployment-tool":"cli-firebase","deployment-scheduled":"true","firebase-functions-hash":"ea9af7e38d26ba691f5ca2c35af86a0ec22d92eb"},"environment":"GEN_2"},"stages":[{"name":"BUILD","message":"Build in progress","state":"IN_PROGRESS","resource":"projects/96399036470/locations/asia-southeast1/builds/3a9192bd-8756-461a-bec7-cd891c5a290e","resourceUri":"https://console.cloud.google.com/cloud-build/builds;region=asia-southeast1/3a9192bd-8756-461a-bec7-cd891c5a290e?project=96399036470"},{"name":"SERVICE","state":"NOT_STARTED"}],"operationType":"CREATE_FUNCTION","buildName":"projects/96399036470/locations/asia-southeast1/builds/3a9192bd-8756-461a-bec7-cd891c5a290e"},"done":false}
[debug] [2026-03-30T16:53:05.239Z] [create-default-asia-southeast1-sendAppointmentReminders] Retrying task index 0
[debug] [2026-03-30T16:53:05.239Z] Checked if tokens are valid: true, expires at: 1774892950620
[debug] [2026-03-30T16:53:05.239Z] Checked if tokens are valid: true, expires at: 1774892950620
[debug] [2026-03-30T16:53:05.239Z] >>> [apiv2][query] GET https://cloudfunctions.googleapis.com/v2/projects/kl-tint-studio/locations/asia-southeast1/operations/operation-1774889463057-64e40a7f60be1-4bbb5400-f786094e [none]
[debug] [2026-03-30T16:53:05.411Z] <<< [apiv2][status] GET https://cloudfunctions.googleapis.com/v2/projects/kl-tint-studio/locations/asia-southeast1/operations/operation-1774889463057-64e40a7f60be1-4bbb5400-f786094e 200
[debug] [2026-03-30T16:53:05.411Z] <<< [apiv2][body] GET https://cloudfunctions.googleapis.com/v2/projects/kl-tint-studio/locations/asia-southeast1/operations/operation-1774889463057-64e40a7f60be1-4bbb5400-f786094e {"name":"projects/kl-tint-studio/locations/asia-southeast1/operations/operation-1774889463057-64e40a7f60be1-4bbb5400-f786094e","metadata":{"@type":"type.googleapis.com/google.cloud.functions.v2.OperationMetadata","createTime":"2026-03-30T16:51:09.709537215Z","target":"projects/kl-tint-studio/locations/asia-southeast1/functions/sendAppointmentReminders","verb":"create","cancelRequested":false,"apiVersion":"v2","requestResource":{"@type":"type.googleapis.com/google.cloud.functions.v2.Function","name":"projects/kl-tint-studio/locations/asia-southeast1/functions/sendAppointmentReminders","buildConfig":{"runtime":"nodejs20","entryPoint":"sendAppointmentReminders","source":{"storageSource":{"bucket":"gcf-v2-sources-96399036470-asia-southeast1","object":"sendAppointmentReminders/function-source.zip","generation":"1774889467419492"}},"environmentVariables":{"GOOGLE_NODE_RUN_SCRIPTS":""},"serviceAccount":"projects/kl-tint-studio/serviceAccounts/96399036470-compute@developer.gserviceaccount.com","automaticUpdatePolicy":{}},"serviceConfig":{"service":"projects/kl-tint-studio/locations/asia-southeast1/services/sendappointmentreminders","timeoutSeconds":60,"environmentVariables":{"FIREBASE_CONFIG":"{\"projectId\":\"kl-tint-studio\",\"storageBucket\":\"kl-tint-studio.firebasestorage.app\"}","GCLOUD_PROJECT":"kl-tint-studio","EVENTARC_CLOUD_EVENT_SOURCE":"projects/kl-tint-studio/locations/asia-southeast1/services/sendAppointmentReminders","FUNCTION_TARGET":"sendAppointmentReminders","LOG_EXECUTION_ID":"true"},"ingressSettings":"ALLOW_ALL","serviceAccountEmail":"96399036470-compute@developer.gserviceaccount.com","availableMemory":"256Mi","maxInstanceRequestConcurrency":80,"availableCpu":"1"},"labels":{"deployment-tool":"cli-firebase","deployment-scheduled":"true","firebase-functions-hash":"ea9af7e38d26ba691f5ca2c35af86a0ec22d92eb"},"environment":"GEN_2"},"stages":[{"name":"BUILD","message":"Build in progress","state":"IN_PROGRESS","resource":"projects/96399036470/locations/asia-southeast1/builds/3a9192bd-8756-461a-bec7-cd891c5a290e","resourceUri":"https://console.cloud.google.com/cloud-build/builds;region=asia-southeast1/3a9192bd-8756-461a-bec7-cd891c5a290e?project=96399036470"},{"name":"SERVICE","state":"NOT_STARTED"}],"operationType":"CREATE_FUNCTION","buildName":"projects/96399036470/locations/asia-southeast1/builds/3a9192bd-8756-461a-bec7-cd891c5a290e"},"done":false}
[debug] [2026-03-30T16:53:15.413Z] [create-default-asia-southeast1-sendAppointmentReminders] Retrying task index 0
[debug] [2026-03-30T16:53:15.413Z] Checked if tokens are valid: true, expires at: 1774892950620
[debug] [2026-03-30T16:53:15.413Z] Checked if tokens are valid: true, expires at: 1774892950620
[debug] [2026-03-30T16:53:15.413Z] >>> [apiv2][query] GET https://cloudfunctions.googleapis.com/v2/projects/kl-tint-studio/locations/asia-southeast1/operations/operation-1774889463057-64e40a7f60be1-4bbb5400-f786094e [none]
[debug] [2026-03-30T16:53:15.858Z] <<< [apiv2][status] GET https://cloudfunctions.googleapis.com/v2/projects/kl-tint-studio/locations/asia-southeast1/operations/operation-1774889463057-64e40a7f60be1-4bbb5400-f786094e 200
[debug] [2026-03-30T16:53:15.858Z] <<< [apiv2][body] GET https://cloudfunctions.googleapis.com/v2/projects/kl-tint-studio/locations/asia-southeast1/operations/operation-1774889463057-64e40a7f60be1-4bbb5400-f786094e {"name":"projects/kl-tint-studio/locations/asia-southeast1/operations/operation-1774889463057-64e40a7f60be1-4bbb5400-f786094e","metadata":{"@type":"type.googleapis.com/google.cloud.functions.v2.OperationMetadata","createTime":"2026-03-30T16:51:09.709537215Z","target":"projects/kl-tint-studio/locations/asia-southeast1/functions/sendAppointmentReminders","verb":"create","cancelRequested":false,"apiVersion":"v2","requestResource":{"@type":"type.googleapis.com/google.cloud.functions.v2.Function","name":"projects/kl-tint-studio/locations/asia-southeast1/functions/sendAppointmentReminders","buildConfig":{"runtime":"nodejs20","entryPoint":"sendAppointmentReminders","source":{"storageSource":{"bucket":"gcf-v2-sources-96399036470-asia-southeast1","object":"sendAppointmentReminders/function-source.zip","generation":"1774889467419492"}},"environmentVariables":{"GOOGLE_NODE_RUN_SCRIPTS":""},"serviceAccount":"projects/kl-tint-studio/serviceAccounts/96399036470-compute@developer.gserviceaccount.com","automaticUpdatePolicy":{}},"serviceConfig":{"service":"projects/kl-tint-studio/locations/asia-southeast1/services/sendappointmentreminders","timeoutSeconds":60,"environmentVariables":{"FIREBASE_CONFIG":"{\"projectId\":\"kl-tint-studio\",\"storageBucket\":\"kl-tint-studio.firebasestorage.app\"}","GCLOUD_PROJECT":"kl-tint-studio","EVENTARC_CLOUD_EVENT_SOURCE":"projects/kl-tint-studio/locations/asia-southeast1/services/sendAppointmentReminders","FUNCTION_TARGET":"sendAppointmentReminders","LOG_EXECUTION_ID":"true"},"ingressSettings":"ALLOW_ALL","serviceAccountEmail":"96399036470-compute@developer.gserviceaccount.com","availableMemory":"256Mi","maxInstanceRequestConcurrency":80,"availableCpu":"1"},"labels":{"deployment-tool":"cli-firebase","deployment-scheduled":"true","firebase-functions-hash":"ea9af7e38d26ba691f5ca2c35af86a0ec22d92eb"},"environment":"GEN_2"},"stages":[{"name":"BUILD","message":"Build in progress","state":"IN_PROGRESS","resource":"projects/96399036470/locations/asia-southeast1/builds/3a9192bd-8756-461a-bec7-cd891c5a290e","resourceUri":"https://console.cloud.google.com/cloud-build/builds;region=asia-southeast1/3a9192bd-8756-461a-bec7-cd891c5a290e?project=96399036470"},{"name":"SERVICE","state":"NOT_STARTED"}],"operationType":"CREATE_FUNCTION","buildName":"projects/96399036470/locations/asia-southeast1/builds/3a9192bd-8756-461a-bec7-cd891c5a290e"},"done":false}
[debug] [2026-03-30T16:53:25.858Z] [create-default-asia-southeast1-sendAppointmentReminders] Retrying task index 0
[debug] [2026-03-30T16:53:25.859Z] Checked if tokens are valid: true, expires at: 1774892950620
[debug] [2026-03-30T16:53:25.859Z] Checked if tokens are valid: true, expires at: 1774892950620
[debug] [2026-03-30T16:53:25.859Z] >>> [apiv2][query] GET https://cloudfunctions.googleapis.com/v2/projects/kl-tint-studio/locations/asia-southeast1/operations/operation-1774889463057-64e40a7f60be1-4bbb5400-f786094e [none]
[debug] [2026-03-30T16:53:26.026Z] <<< [apiv2][status] GET https://cloudfunctions.googleapis.com/v2/projects/kl-tint-studio/locations/asia-southeast1/operations/operation-1774889463057-64e40a7f60be1-4bbb5400-f786094e 200
[debug] [2026-03-30T16:53:26.026Z] <<< [apiv2][body] GET https://cloudfunctions.googleapis.com/v2/projects/kl-tint-studio/locations/asia-southeast1/operations/operation-1774889463057-64e40a7f60be1-4bbb5400-f786094e {"name":"projects/kl-tint-studio/locations/asia-southeast1/operations/operation-1774889463057-64e40a7f60be1-4bbb5400-f786094e","metadata":{"@type":"type.googleapis.com/google.cloud.functions.v2.OperationMetadata","createTime":"2026-03-30T16:51:09.709537215Z","target":"projects/kl-tint-studio/locations/asia-southeast1/functions/sendAppointmentReminders","verb":"create","cancelRequested":false,"apiVersion":"v2","requestResource":{"@type":"type.googleapis.com/google.cloud.functions.v2.Function","name":"projects/kl-tint-studio/locations/asia-southeast1/functions/sendAppointmentReminders","buildConfig":{"runtime":"nodejs20","entryPoint":"sendAppointmentReminders","source":{"storageSource":{"bucket":"gcf-v2-sources-96399036470-asia-southeast1","object":"sendAppointmentReminders/function-source.zip","generation":"1774889467419492"}},"environmentVariables":{"GOOGLE_NODE_RUN_SCRIPTS":""},"serviceAccount":"projects/kl-tint-studio/serviceAccounts/96399036470-compute@developer.gserviceaccount.com","automaticUpdatePolicy":{}},"serviceConfig":{"service":"projects/kl-tint-studio/locations/asia-southeast1/services/sendappointmentreminders","timeoutSeconds":60,"environmentVariables":{"FIREBASE_CONFIG":"{\"projectId\":\"kl-tint-studio\",\"storageBucket\":\"kl-tint-studio.firebasestorage.app\"}","GCLOUD_PROJECT":"kl-tint-studio","EVENTARC_CLOUD_EVENT_SOURCE":"projects/kl-tint-studio/locations/asia-southeast1/services/sendAppointmentReminders","FUNCTION_TARGET":"sendAppointmentReminders","LOG_EXECUTION_ID":"true"},"ingressSettings":"ALLOW_ALL","serviceAccountEmail":"96399036470-compute@developer.gserviceaccount.com","availableMemory":"256Mi","maxInstanceRequestConcurrency":80,"availableCpu":"1"},"labels":{"deployment-tool":"cli-firebase","deployment-scheduled":"true","firebase-functions-hash":"ea9af7e38d26ba691f5ca2c35af86a0ec22d92eb"},"environment":"GEN_2"},"stages":[{"name":"BUILD","message":"Build finished","state":"COMPLETE","resource":"projects/96399036470/locations/asia-southeast1/builds/3a9192bd-8756-461a-bec7-cd891c5a290e","resourceUri":"https://console.cloud.google.com/cloud-build/builds;region=asia-southeast1/3a9192bd-8756-461a-bec7-cd891c5a290e?project=96399036470"},{"name":"SERVICE","message":"Creating Cloud Run service","state":"IN_PROGRESS","resource":"projects/kl-tint-studio/locations/asia-southeast1/services/sendappointmentreminders","resourceUri":"https://console.cloud.google.com/run/detail/asia-southeast1/sendappointmentreminders?project=kl-tint-studio"}],"sourceToken":"Clpwcm9qZWN0cy85NjM5OTAzNjQ3MC9sb2NhdGlvbnMvYXNpYS1zb3V0aGVhc3QxL2J1aWxkcy8zYTkxOTJiZC04NzU2LTQ2MWEtYmVjNy1jZDg5MWM1YTI5MGUShAFhc2lhLXNvdXRoZWFzdDEtZG9ja2VyLnBrZy5kZXYva2wtdGludC1zdHVkaW8vZ2NmLWFydGlmYWN0cy9rbC0tdGludC0tc3R1ZGlvX19hc2lhLS1zb3V0aGVhc3QxX19zZW5kX2FwcG9pbnRtZW50X3JlbWluZGVyczp2ZXJzaW9uXzEYtqDSjucCIlRwcm9qZWN0cy9rbC10aW50LXN0dWRpby9sb2NhdGlvbnMvYXNpYS1zb3V0aGVhc3QxL2Z1bmN0aW9ucy9zZW5kQXBwb2ludG1lbnRSZW1pbmRlcnMqDAj+1KrOBhCgn722AzIIbm9kZWpzMjA6egojZ2NyLmlvL2dhZS1ydW50aW1lcy9ub2RlanMyMDpzdGFibGUSU2FzaWEtc291dGhlYXN0MS1kb2NrZXIucGtnLmRldi9zZXJ2ZXJsZXNzLXJ1bnRpbWVzL2dvb2dsZS0yMi1mdWxsL3J1bnRpbWVzL25vZGVqczIwQAE=","operationType":"CREATE_FUNCTION","buildName":"projects/96399036470/locations/asia-southeast1/builds/3a9192bd-8756-461a-bec7-cd891c5a290e"},"done":false}
[debug] [2026-03-30T16:53:26.027Z] Got source token Clpwcm9qZWN0cy85NjM5OTAzNjQ3MC9sb2NhdGlvbnMvYXNpYS1zb3V0aGVhc3QxL2J1aWxkcy8zYTkxOTJiZC04NzU2LTQ2MWEtYmVjNy1jZDg5MWM1YTI5MGUShAFhc2lhLXNvdXRoZWFzdDEtZG9ja2VyLnBrZy5kZXYva2wtdGludC1zdHVkaW8vZ2NmLWFydGlmYWN0cy9rbC0tdGludC0tc3R1ZGlvX19hc2lhLS1zb3V0aGVhc3QxX19zZW5kX2FwcG9pbnRtZW50X3JlbWluZGVyczp2ZXJzaW9uXzEYtqDSjucCIlRwcm9qZWN0cy9rbC10aW50LXN0dWRpby9sb2NhdGlvbnMvYXNpYS1zb3V0aGVhc3QxL2Z1bmN0aW9ucy9zZW5kQXBwb2ludG1lbnRSZW1pbmRlcnMqDAj+1KrOBhCgn722AzIIbm9kZWpzMjA6egojZ2NyLmlvL2dhZS1ydW50aW1lcy9ub2RlanMyMDpzdGFibGUSU2FzaWEtc291dGhlYXN0MS1kb2NrZXIucGtnLmRldi9zZXJ2ZXJsZXNzLXJ1bnRpbWVzL2dvb2dsZS0yMi1mdWxsL3J1bnRpbWVzL25vZGVqczIwQAE= for region asia-southeast1
[debug] [2026-03-30T16:53:36.028Z] [create-default-asia-southeast1-sendAppointmentReminders] Retrying task index 0
[debug] [2026-03-30T16:53:36.029Z] Checked if tokens are valid: true, expires at: 1774892950620
[debug] [2026-03-30T16:53:36.029Z] Checked if tokens are valid: true, expires at: 1774892950620
[debug] [2026-03-30T16:53:36.029Z] >>> [apiv2][query] GET https://cloudfunctions.googleapis.com/v2/projects/kl-tint-studio/locations/asia-southeast1/operations/operation-1774889463057-64e40a7f60be1-4bbb5400-f786094e [none]
[debug] [2026-03-30T16:53:36.210Z] <<< [apiv2][status] GET https://cloudfunctions.googleapis.com/v2/projects/kl-tint-studio/locations/asia-southeast1/operations/operation-1774889463057-64e40a7f60be1-4bbb5400-f786094e 200
[debug] [2026-03-30T16:53:36.210Z] <<< [apiv2][body] GET https://cloudfunctions.googleapis.com/v2/projects/kl-tint-studio/locations/asia-southeast1/operations/operation-1774889463057-64e40a7f60be1-4bbb5400-f786094e {"name":"projects/kl-tint-studio/locations/asia-southeast1/operations/operation-1774889463057-64e40a7f60be1-4bbb5400-f786094e","metadata":{"@type":"type.googleapis.com/google.cloud.functions.v2.OperationMetadata","createTime":"2026-03-30T16:51:09.709537215Z","endTime":"2026-03-30T16:53:29.687325137Z","target":"projects/kl-tint-studio/locations/asia-southeast1/functions/sendAppointmentReminders","verb":"create","cancelRequested":false,"apiVersion":"v2","requestResource":{"@type":"type.googleapis.com/google.cloud.functions.v2.Function","name":"projects/kl-tint-studio/locations/asia-southeast1/functions/sendAppointmentReminders","buildConfig":{"runtime":"nodejs20","entryPoint":"sendAppointmentReminders","source":{"storageSource":{"bucket":"gcf-v2-sources-96399036470-asia-southeast1","object":"sendAppointmentReminders/function-source.zip","generation":"1774889467419492"}},"environmentVariables":{"GOOGLE_NODE_RUN_SCRIPTS":""},"serviceAccount":"projects/kl-tint-studio/serviceAccounts/96399036470-compute@developer.gserviceaccount.com","automaticUpdatePolicy":{}},"serviceConfig":{"service":"projects/kl-tint-studio/locations/asia-southeast1/services/sendappointmentreminders","timeoutSeconds":60,"environmentVariables":{"FIREBASE_CONFIG":"{\"projectId\":\"kl-tint-studio\",\"storageBucket\":\"kl-tint-studio.firebasestorage.app\"}","GCLOUD_PROJECT":"kl-tint-studio","EVENTARC_CLOUD_EVENT_SOURCE":"projects/kl-tint-studio/locations/asia-southeast1/services/sendAppointmentReminders","FUNCTION_TARGET":"sendAppointmentReminders","LOG_EXECUTION_ID":"true"},"ingressSettings":"ALLOW_ALL","serviceAccountEmail":"96399036470-compute@developer.gserviceaccount.com","availableMemory":"256Mi","maxInstanceRequestConcurrency":80,"availableCpu":"1"},"labels":{"deployment-tool":"cli-firebase","deployment-scheduled":"true","firebase-functions-hash":"ea9af7e38d26ba691f5ca2c35af86a0ec22d92eb"},"environment":"GEN_2"},"stages":[{"name":"BUILD","message":"Build finished","state":"COMPLETE","resource":"projects/96399036470/locations/asia-southeast1/builds/3a9192bd-8756-461a-bec7-cd891c5a290e","resourceUri":"https://console.cloud.google.com/cloud-build/builds;region=asia-southeast1/3a9192bd-8756-461a-bec7-cd891c5a290e?project=96399036470"},{"name":"SERVICE","message":"Creating Cloud Run service","state":"COMPLETE","resource":"projects/kl-tint-studio/locations/asia-southeast1/services/sendappointmentreminders","resourceUri":"https://console.cloud.google.com/run/detail/asia-southeast1/sendappointmentreminders?project=kl-tint-studio"}],"sourceToken":"Clpwcm9qZWN0cy85NjM5OTAzNjQ3MC9sb2NhdGlvbnMvYXNpYS1zb3V0aGVhc3QxL2J1aWxkcy8zYTkxOTJiZC04NzU2LTQ2MWEtYmVjNy1jZDg5MWM1YTI5MGUShAFhc2lhLXNvdXRoZWFzdDEtZG9ja2VyLnBrZy5kZXYva2wtdGludC1zdHVkaW8vZ2NmLWFydGlmYWN0cy9rbC0tdGludC0tc3R1ZGlvX19hc2lhLS1zb3V0aGVhc3QxX19zZW5kX2FwcG9pbnRtZW50X3JlbWluZGVyczp2ZXJzaW9uXzEYtqDSjucCIlRwcm9qZWN0cy9rbC10aW50LXN0dWRpby9sb2NhdGlvbnMvYXNpYS1zb3V0aGVhc3QxL2Z1bmN0aW9ucy9zZW5kQXBwb2ludG1lbnRSZW1pbmRlcnMqDAj+1KrOBhCgn722AzIIbm9kZWpzMjA6egojZ2NyLmlvL2dhZS1ydW50aW1lcy9ub2RlanMyMDpzdGFibGUSU2FzaWEtc291dGhlYXN0MS1kb2NrZXIucGtnLmRldi9zZXJ2ZXJsZXNzLXJ1bnRpbWVzL2dvb2dsZS0yMi1mdWxsL3J1bnRpbWVzL25vZGVqczIwQAE=","operationType":"CREATE_FUNCTION","buildName":"projects/96399036470/locations/asia-southeast1/builds/3a9192bd-8756-461a-bec7-cd891c5a290e"},"done":true,"response":{"@type":"type.googleapis.com/google.cloud.functions.v2.Function","name":"projects/kl-tint-studio/locations/asia-southeast1/functions/sendAppointmentReminders","buildConfig":{"build":"projects/96399036470/locations/asia-southeast1/builds/3a9192bd-8756-461a-bec7-cd891c5a290e","runtime":"nodejs20","entryPoint":"sendAppointmentReminders","source":{"storageSource":{"bucket":"gcf-v2-sources-96399036470-asia-southeast1","object":"sendAppointmentReminders/function-source.zip","generation":"1774889467419492"}},"environmentVariables":{"GOOGLE_NODE_RUN_SCRIPTS":""},"dockerRepository":"projects/kl-tint-studio/locations/asia-southeast1/repositories/gcf-artifacts","sourceProvenance":{"resolvedStorageSource":{"bucket":"gcf-v2-sources-96399036470-asia-southeast1","object":"sendAppointmentReminders/function-source.zip","generation":"1774889467419492"}},"dockerRegistry":"ARTIFACT_REGISTRY","serviceAccount":"projects/kl-tint-studio/serviceAccounts/96399036470-compute@developer.gserviceaccount.com","automaticUpdatePolicy":{}},"serviceConfig":{"service":"projects/kl-tint-studio/locations/asia-southeast1/services/sendappointmentreminders","timeoutSeconds":60,"environmentVariables":{"FIREBASE_CONFIG":"{\"projectId\":\"kl-tint-studio\",\"storageBucket\":\"kl-tint-studio.firebasestorage.app\"}","GCLOUD_PROJECT":"kl-tint-studio","EVENTARC_CLOUD_EVENT_SOURCE":"projects/kl-tint-studio/locations/asia-southeast1/services/sendAppointmentReminders","FUNCTION_TARGET":"sendAppointmentReminders","LOG_EXECUTION_ID":"true"},"ingressSettings":"ALLOW_ALL","uri":"https://sendappointmentreminders-asoy3djofq-as.a.run.app","serviceAccountEmail":"96399036470-compute@developer.gserviceaccount.com","availableMemory":"256Mi","allTrafficOnLatestRevision":true,"revision":"sendappointmentreminders-00001-xoj","maxInstanceRequestConcurrency":80,"availableCpu":"1"},"state":"ACTIVE","updateTime":"2026-03-30T16:51:09.701960860Z","labels":{"deployment-scheduled":"true","firebase-functions-hash":"ea9af7e38d26ba691f5ca2c35af86a0ec22d92eb","deployment-tool":"cli-firebase"},"environment":"GEN_2","url":"https://asia-southeast1-kl-tint-studio.cloudfunctions.net/sendAppointmentReminders","satisfiesPzs":true,"createTime":"2026-03-30T16:51:09.701960860Z","satisfiesPzi":true}}
[debug] [2026-03-30T16:53:36.210Z] Got source token Clpwcm9qZWN0cy85NjM5OTAzNjQ3MC9sb2NhdGlvbnMvYXNpYS1zb3V0aGVhc3QxL2J1aWxkcy8zYTkxOTJiZC04NzU2LTQ2MWEtYmVjNy1jZDg5MWM1YTI5MGUShAFhc2lhLXNvdXRoZWFzdDEtZG9ja2VyLnBrZy5kZXYva2wtdGludC1zdHVkaW8vZ2NmLWFydGlmYWN0cy9rbC0tdGludC0tc3R1ZGlvX19hc2lhLS1zb3V0aGVhc3QxX19zZW5kX2FwcG9pbnRtZW50X3JlbWluZGVyczp2ZXJzaW9uXzEYtqDSjucCIlRwcm9qZWN0cy9rbC10aW50LXN0dWRpby9sb2NhdGlvbnMvYXNpYS1zb3V0aGVhc3QxL2Z1bmN0aW9ucy9zZW5kQXBwb2ludG1lbnRSZW1pbmRlcnMqDAj+1KrOBhCgn722AzIIbm9kZWpzMjA6egojZ2NyLmlvL2dhZS1ydW50aW1lcy9ub2RlanMyMDpzdGFibGUSU2FzaWEtc291dGhlYXN0MS1kb2NrZXIucGtnLmRldi9zZXJ2ZXJsZXNzLXJ1bnRpbWVzL2dvb2dsZS0yMi1mdWxsL3J1bnRpbWVzL25vZGVqczIwQAE= for region asia-southeast1
[debug] [2026-03-30T16:53:36.210Z] Checked if tokens are valid: true, expires at: 1774892950620
[debug] [2026-03-30T16:53:36.211Z] Checked if tokens are valid: true, expires at: 1774892950620
[debug] [2026-03-30T16:53:36.211Z] >>> [apiv2][query] GET https://compute.googleapis.com/compute/v1/projects/96399036470 [none]
[debug] [2026-03-30T16:53:36.612Z] <<< [apiv2][status] GET https://compute.googleapis.com/compute/v1/projects/96399036470 403
[debug] [2026-03-30T16:53:36.612Z] <<< [apiv2][body] GET https://compute.googleapis.com/compute/v1/projects/96399036470 {"error":{"code":403,"message":"Compute Engine API has not been used in project 96399036470 before or it is disabled. Enable it by visiting https://console.developers.google.com/apis/api/compute.googleapis.com/overview?project=96399036470 then retry. If you enabled this API recently, wait a few minutes for the action to propagate to our systems and retry.","errors":[{"message":"Compute Engine API has not been used in project 96399036470 before or it is disabled. Enable it by visiting https://console.developers.google.com/apis/api/compute.googleapis.com/overview?project=96399036470 then retry. If you enabled this API recently, wait a few minutes for the action to propagate to our systems and retry.","domain":"usageLimits","reason":"accessNotConfigured","extendedHelp":"https://console.developers.google.com"}],"status":"PERMISSION_DENIED","details":[{"@type":"type.googleapis.com/google.rpc.ErrorInfo","reason":"SERVICE_DISABLED","domain":"googleapis.com","metadata":{"serviceTitle":"Compute Engine API","consumer":"projects/96399036470","service":"compute.googleapis.com","containerInfo":"96399036470","activationUrl":"https://console.developers.google.com/apis/api/compute.googleapis.com/overview?project=96399036470"}},{"@type":"type.googleapis.com/google.rpc.LocalizedMessage","locale":"en-US","message":"Compute Engine API has not been used in project 96399036470 before or it is disabled. Enable it by visiting https://console.developers.google.com/apis/api/compute.googleapis.com/overview?project=96399036470 then retry. If you enabled this API recently, wait a few minutes for the action to propagate to our systems and retry."},{"@type":"type.googleapis.com/google.rpc.Help","links":[{"description":"Google developers console API activation","url":"https://console.developers.google.com/apis/api/compute.googleapis.com/overview?project=96399036470"}]}]}}
[debug] [2026-03-30T16:53:36.612Z] unable to look up default compute service account. Falling back to 96399036470-compute@developer.gserviceaccount.com. Error: {"name":"FirebaseError","children":[],"context":{"body":{"error":{"code":403,"message":"Compute Engine API has not been used in project 96399036470 before or it is disabled. Enable it by visiting https://console.developers.google.com/apis/api/compute.googleapis.com/overview?project=96399036470 then retry. If you enabled this API recently, wait a few minutes for the action to propagate to our systems and retry.","errors":[{"message":"Compute Engine API has not been used in project 96399036470 before or it is disabled. Enable it by visiting https://console.developers.google.com/apis/api/compute.googleapis.com/overview?project=96399036470 then retry. If you enabled this API recently, wait a few minutes for the action to propagate to our systems and retry.","domain":"usageLimits","reason":"accessNotConfigured","extendedHelp":"https://console.developers.google.com"}],"status":"PERMISSION_DENIED","details":[{"@type":"type.googleapis.com/google.rpc.ErrorInfo","reason":"SERVICE_DISABLED","domain":"googleapis.com","metadata":{"serviceTitle":"Compute Engine API","consumer":"projects/96399036470","service":"compute.googleapis.com","containerInfo":"96399036470","activationUrl":"https://console.developers.google.com/apis/api/compute.googleapis.com/overview?project=96399036470"}},{"@type":"type.googleapis.com/google.rpc.LocalizedMessage","locale":"en-US","message":"Compute Engine API has not been used in project 96399036470 before or it is disabled. Enable it by visiting https://console.developers.google.com/apis/api/compute.googleapis.com/overview?project=96399036470 then retry. If you enabled this API recently, wait a few minutes for the action to propagate to our systems and retry."},{"@type":"type.googleapis.com/google.rpc.Help","links":[{"description":"Google developers console API activation","url":"https://console.developers.google.com/apis/api/compute.googleapis.com/overview?project=96399036470"}]}]}},"response":{"statusCode":403}},"exit":1,"message":"Request to https://compute.googleapis.com/compute/v1/projects/96399036470 had HTTP Error: 403, Compute Engine API has not been used in project 96399036470 before or it is disabled. Enable it by visiting https://console.developers.google.com/apis/api/compute.googleapis.com/overview?project=96399036470 then retry. If you enabled this API recently, wait a few minutes for the action to propagate to our systems and retry.","status":403}
[debug] [2026-03-30T16:53:36.612Z] Checked if tokens are valid: true, expires at: 1774892950620
[debug] [2026-03-30T16:53:36.612Z] Checked if tokens are valid: true, expires at: 1774892950620
[debug] [2026-03-30T16:53:36.613Z] >>> [apiv2][query] POST https://run.googleapis.com/v1/projects/kl-tint-studio/locations/asia-southeast1/services/sendappointmentreminders:setIamPolicy [none]
[debug] [2026-03-30T16:53:36.613Z] >>> [apiv2][body] POST https://run.googleapis.com/v1/projects/kl-tint-studio/locations/asia-southeast1/services/sendappointmentreminders:setIamPolicy {"policy":{"bindings":[{"role":"roles/run.invoker","members":["serviceAccount:96399036470-compute@developer.gserviceaccount.com"]}],"etag":"","version":3},"updateMask":"bindings,etag,version"}
[debug] [2026-03-30T16:53:37.529Z] <<< [apiv2][status] POST https://run.googleapis.com/v1/projects/kl-tint-studio/locations/asia-southeast1/services/sendappointmentreminders:setIamPolicy 200
[debug] [2026-03-30T16:53:37.529Z] <<< [apiv2][body] POST https://run.googleapis.com/v1/projects/kl-tint-studio/locations/asia-southeast1/services/sendappointmentreminders:setIamPolicy {"version":1,"etag":"BwZOQLFPLCg=","bindings":[{"role":"roles/run.invoker","members":["serviceAccount:96399036470-compute@developer.gserviceaccount.com"]}]}
[debug] [2026-03-30T16:53:37.529Z] Checked if tokens are valid: true, expires at: 1774892950620
[debug] [2026-03-30T16:53:37.529Z] Checked if tokens are valid: true, expires at: 1774892950620
[debug] [2026-03-30T16:53:37.529Z] >>> [apiv2][query] GET https://compute.googleapis.com/compute/v1/projects/96399036470 [none]
[debug] [2026-03-30T16:53:37.816Z] <<< [apiv2][status] GET https://compute.googleapis.com/compute/v1/projects/96399036470 403
[debug] [2026-03-30T16:53:37.816Z] <<< [apiv2][body] GET https://compute.googleapis.com/compute/v1/projects/96399036470 {"error":{"code":403,"message":"Compute Engine API has not been used in project 96399036470 before or it is disabled. Enable it by visiting https://console.developers.google.com/apis/api/compute.googleapis.com/overview?project=96399036470 then retry. If you enabled this API recently, wait a few minutes for the action to propagate to our systems and retry.","errors":[{"message":"Compute Engine API has not been used in project 96399036470 before or it is disabled. Enable it by visiting https://console.developers.google.com/apis/api/compute.googleapis.com/overview?project=96399036470 then retry. If you enabled this API recently, wait a few minutes for the action to propagate to our systems and retry.","domain":"usageLimits","reason":"accessNotConfigured","extendedHelp":"https://console.developers.google.com"}],"status":"PERMISSION_DENIED","details":[{"@type":"type.googleapis.com/google.rpc.ErrorInfo","reason":"SERVICE_DISABLED","domain":"googleapis.com","metadata":{"activationUrl":"https://console.developers.google.com/apis/api/compute.googleapis.com/overview?project=96399036470","service":"compute.googleapis.com","serviceTitle":"Compute Engine API","consumer":"projects/96399036470","containerInfo":"96399036470"}},{"@type":"type.googleapis.com/google.rpc.LocalizedMessage","locale":"en-US","message":"Compute Engine API has not been used in project 96399036470 before or it is disabled. Enable it by visiting https://console.developers.google.com/apis/api/compute.googleapis.com/overview?project=96399036470 then retry. If you enabled this API recently, wait a few minutes for the action to propagate to our systems and retry."},{"@type":"type.googleapis.com/google.rpc.Help","links":[{"description":"Google developers console API activation","url":"https://console.developers.google.com/apis/api/compute.googleapis.com/overview?project=96399036470"}]}]}}
[debug] [2026-03-30T16:53:37.816Z] unable to look up default compute service account. Falling back to 96399036470-compute@developer.gserviceaccount.com. Error: {"name":"FirebaseError","children":[],"context":{"body":{"error":{"code":403,"message":"Compute Engine API has not been used in project 96399036470 before or it is disabled. Enable it by visiting https://console.developers.google.com/apis/api/compute.googleapis.com/overview?project=96399036470 then retry. If you enabled this API recently, wait a few minutes for the action to propagate to our systems and retry.","errors":[{"message":"Compute Engine API has not been used in project 96399036470 before or it is disabled. Enable it by visiting https://console.developers.google.com/apis/api/compute.googleapis.com/overview?project=96399036470 then retry. If you enabled this API recently, wait a few minutes for the action to propagate to our systems and retry.","domain":"usageLimits","reason":"accessNotConfigured","extendedHelp":"https://console.developers.google.com"}],"status":"PERMISSION_DENIED","details":[{"@type":"type.googleapis.com/google.rpc.ErrorInfo","reason":"SERVICE_DISABLED","domain":"googleapis.com","metadata":{"activationUrl":"https://console.developers.google.com/apis/api/compute.googleapis.com/overview?project=96399036470","service":"compute.googleapis.com","serviceTitle":"Compute Engine API","consumer":"projects/96399036470","containerInfo":"96399036470"}},{"@type":"type.googleapis.com/google.rpc.LocalizedMessage","locale":"en-US","message":"Compute Engine API has not been used in project 96399036470 before or it is disabled. Enable it by visiting https://console.developers.google.com/apis/api/compute.googleapis.com/overview?project=96399036470 then retry. If you enabled this API recently, wait a few minutes for the action to propagate to our systems and retry."},{"@type":"type.googleapis.com/google.rpc.Help","links":[{"description":"Google developers console API activation","url":"https://console.developers.google.com/apis/api/compute.googleapis.com/overview?project=96399036470"}]}]}},"response":{"statusCode":403}},"exit":1,"message":"Request to https://compute.googleapis.com/compute/v1/projects/96399036470 had HTTP Error: 403, Compute Engine API has not been used in project 96399036470 before or it is disabled. Enable it by visiting https://console.developers.google.com/apis/api/compute.googleapis.com/overview?project=96399036470 then retry. If you enabled this API recently, wait a few minutes for the action to propagate to our systems and retry.","status":403}
[debug] [2026-03-30T16:53:37.817Z] Checked if tokens are valid: true, expires at: 1774892950620
[debug] [2026-03-30T16:53:37.817Z] Checked if tokens are valid: true, expires at: 1774892950620
[debug] [2026-03-30T16:53:37.817Z] >>> [apiv2][query] GET https://cloudscheduler.googleapis.com/v1/projects/kl-tint-studio/locations/asia-southeast1/jobs/firebase-schedule-sendAppointmentReminders-asia-southeast1 [none]
[debug] [2026-03-30T16:53:38.108Z] <<< [apiv2][status] GET https://cloudscheduler.googleapis.com/v1/projects/kl-tint-studio/locations/asia-southeast1/jobs/firebase-schedule-sendAppointmentReminders-asia-southeast1 404
[debug] [2026-03-30T16:53:38.108Z] <<< [apiv2][body] GET https://cloudscheduler.googleapis.com/v1/projects/kl-tint-studio/locations/asia-southeast1/jobs/firebase-schedule-sendAppointmentReminders-asia-southeast1 {"error":{"code":404,"message":"Job not found.","status":"NOT_FOUND"}}
[debug] [2026-03-30T16:53:38.109Z] Checked if tokens are valid: true, expires at: 1774892950620
[debug] [2026-03-30T16:53:38.109Z] Checked if tokens are valid: true, expires at: 1774892950620
[debug] [2026-03-30T16:53:38.109Z] >>> [apiv2][query] POST https://cloudscheduler.googleapis.com/v1/projects/kl-tint-studio/locations/asia-southeast1/jobs [none]
[debug] [2026-03-30T16:53:38.109Z] >>> [apiv2][body] POST https://cloudscheduler.googleapis.com/v1/projects/kl-tint-studio/locations/asia-southeast1/jobs {"timeZone":"Asia/Kuala_Lumpur","name":"projects/kl-tint-studio/locations/asia-southeast1/jobs/firebase-schedule-sendAppointmentReminders-asia-southeast1","httpTarget":{"uri":"https://asia-southeast1-kl-tint-studio.cloudfunctions.net/sendAppointmentReminders","httpMethod":"POST","oidcToken":{"serviceAccountEmail":"96399036470-compute@developer.gserviceaccount.com"}},"schedule":"every 10 minutes","attemptDeadline":null}
[debug] [2026-03-30T16:53:49.900Z] <<< [apiv2][status] POST https://cloudscheduler.googleapis.com/v1/projects/kl-tint-studio/locations/asia-southeast1/jobs 200
[debug] [2026-03-30T16:53:49.900Z] <<< [apiv2][body] POST https://cloudscheduler.googleapis.com/v1/projects/kl-tint-studio/locations/asia-southeast1/jobs {"name":"projects/kl-tint-studio/locations/asia-southeast1/jobs/firebase-schedule-sendAppointmentReminders-asia-southeast1","httpTarget":{"uri":"https://asia-southeast1-kl-tint-studio.cloudfunctions.net/sendAppointmentReminders","httpMethod":"POST","headers":{"User-Agent":"Google-Cloud-Scheduler"},"oidcToken":{"serviceAccountEmail":"96399036470-compute@developer.gserviceaccount.com","audience":"https://asia-southeast1-kl-tint-studio.cloudfunctions.net/sendAppointmentReminders"}},"userUpdateTime":"2026-03-30T16:53:52.074149Z","state":"ENABLED","status":{"code":-1},"scheduleTime":"2026-03-30T17:03:00Z","schedule":"every 10 minutes","timeZone":"Asia/Kuala_Lumpur","attemptDeadline":"180s"}
[debug] [2026-03-30T16:53:49.900Z] created scheduler job firebase-schedule-sendAppointmentReminders-asia-southeast1
[info] +  functions[sendAppointmentReminders(asia-southeast1)] Successful create operation. 
[debug] [2026-03-30T16:53:49.905Z] Total Function Deployment time: 169487
[debug] [2026-03-30T16:53:49.905Z] 1 Functions Deployed
[debug] [2026-03-30T16:53:49.905Z] 0 Functions Errored
[debug] [2026-03-30T16:53:49.905Z] 0 Function Deployments Aborted
[debug] [2026-03-30T16:53:49.905Z] Average Function Deployment time: 169487
[debug] [2026-03-30T16:53:50.097Z] Checked if tokens are valid: true, expires at: 1774892950620
[debug] [2026-03-30T16:53:50.097Z] Checked if tokens are valid: true, expires at: 1774892950620
[debug] [2026-03-30T16:53:50.097Z] >>> [apiv2][query] GET https://artifactregistry.googleapis.com/v1/projects/kl-tint-studio/locations/asia-southeast1/repositories/gcf-artifacts [none]
[debug] [2026-03-30T16:53:50.355Z] <<< [apiv2][status] GET https://artifactregistry.googleapis.com/v1/projects/kl-tint-studio/locations/asia-southeast1/repositories/gcf-artifacts 200
[debug] [2026-03-30T16:53:50.355Z] <<< [apiv2][body] GET https://artifactregistry.googleapis.com/v1/projects/kl-tint-studio/locations/asia-southeast1/repositories/gcf-artifacts {"name":"projects/kl-tint-studio/locations/asia-southeast1/repositories/gcf-artifacts","format":"DOCKER","description":"This repository is created and used by Cloud Functions for storing function docker images.","labels":{"goog-managed-by":"cloudfunctions"},"createTime":"2026-03-30T16:52:23.577707Z","updateTime":"2026-03-30T16:53:12.169695Z","mode":"STANDARD_REPOSITORY","sizeBytes":"94019355","satisfiesPzs":true,"vulnerabilityScanningConfig":{"lastEnableTime":"2026-03-30T16:52:06.990475691Z","enablementState":"SCANNING_DISABLED","enablementStateReason":"API containerscanning.googleapis.com is not enabled."},"satisfiesPzi":true,"registryUri":"asia-southeast1-docker.pkg.dev/kl-tint-studio/gcf-artifacts"}
[warn] !  functions: No cleanup policy detected for repositories in asia-southeast1. This may result in a small monthly bill as container images accumulate over time. 
